date,open,high,close,low,volume,price_change,p_change,ma5,ma10,ma20,v_ma5,v_ma10,v_ma20
2018-10-12,2574.04,2615.92,2606.91,2536.67,1700816.38,23.45,0.91,2670.746,2735.228,2711.251,1493982.73,1414847.03,1240053.43
2018-10-11,2643.07,2661.29,2583.46,2560.32,1971507.0,-142.38,-5.22,2713.634,2747.461,2715.485,1422400.35,1356152.85,1204521.52
2018-10-10,2723.72,2743.55,2725.84,2703.06,1134857.38,4.83,0.18,2755.296,2762.2,2721.529,1276094.35,1300552.46,1158447.31
2018-10-09,2713.73,2734.31,2721.01,2711.2,1167719.0,4.5,0.17,2771.49,2759.611,2722.766,1328258.28,1302834.71,1156209.6
2018-10-08,2768.21,2771.94,2716.51,2710.18,1495013.88,-104.84,-3.72,2783.516,2752.689,2722.752,1318680.83,1274301.7,1148930.15
2018-09-28,2794.26,2821.76,2821.35,2791.84,1342904.5,29.58,1.06,2799.71,2749.202,2723.189,1335711.33,1224805.32,1129058.83
2018-09-27,2805.79,2810.51,2791.77,2786.32,1239977.0,-15.04,-0.54,2781.288,2735.725,2719.009,1289905.35,1197849.88,1114944.07
2018-09-26,2785.32,2827.34,2806.81,2783.34,1395677.0,25.67,0.92,2769.104,2722.159,2717.885,1325010.57,1163878.94,1103023.69
2018-09-25,2775.07,2790.03,2781.14,2771.16,1119831.75,-16.34,-0.58,2747.732,2707.958,2716.443,1277411.15,1124177.18,1092614.52
2018-09-21,2733.87,2797.49,2797.48,2722.03,1580166.38,68.24,2.5,2721.862,2696.792,2716.431,1229922.58,1115753.18,1103004.22
2018-09-20,2732.17,2743.96,2729.24,2724.08,1113874.62,-1.61,-0.06,2698.694,2687.274,2713.029,1113899.31,1065259.83,1074254.03
2018-09-19,2694.8,2746.08,2730.85,2690.99,1415503.12,30.9,1.14,2690.162,2683.509,2712.798,1105794.41,1052890.19,1067783.54
2018-09-18,2644.3,2700.19,2699.95,2644.3,1157679.88,48.16,1.82,2675.214,2680.858,2711.986,1002747.3,1016342.16,1043840.7
2018-09-17,2671.29,2671.29,2651.79,2647.92,882388.88,-29.85,-1.11,2668.184,2685.921,2713.68,970943.21,1009584.48,1042750.13
2018-09-14,2688.78,2694.92,2681.64,2675.29,1000050.06,-4.94,-0.18,2671.722,2692.815,2716.014,1001583.77,1023558.61,1054022.76
2018-09-13,2679.21,2689.06,2686.58,2653.19,1073350.12,30.47,1.15,2675.854,2697.176,2715.38,1016620.34,1033312.34,1060242.91
2018-09-12,2659.74,2672.07,2656.11,2647.17,900267.56,-8.69,-0.33,2676.856,2702.292,2716.311,999985.98,1032038.26,1066714.34
2018-09-11,2668.49,2680.57,2664.8,2652.7,998659.44,-4.68,-0.17,2686.502,2713.61,2719.668,1029937.01,1042168.44,1079781.86
2018-09-10,2698.01,2703.43,2669.48,2667.32,1035591.69,-32.82,-1.22,2703.658,2724.928,2725.476,1048225.75,1061051.86,1084634.42
2018-09-07,2696.68,2728.55,2702.3,2683.72,1075232.88,10.71,0.4,2713.908,2736.07,2731.296,1045533.44,1090255.26,1096620.96
2018-09-06,2697.58,2719.41,2691.59,2683.74,990178.31,-12.75,-0.47,2718.498,2738.783,2735.946,1050004.34,1083248.24,1103625.43
2018-09-05,2741.38,2745.47,2704.34,2704.34,1050022.75,-46.24,-1.68,2727.728,2742.086,2741.086,1064090.55,1082676.88,1129946.69
2018-09-04,2720.65,2756.61,2750.58,2712.38,1090103.12,29.85,1.1,2740.718,2743.113,2743.072,1054399.86,1071339.24,1151289.9
2018-09-03,2716.4,2722.85,2720.73,2692.36,1022130.12,-4.52,-0.17,2746.198,2741.438,2744.512,1073877.96,1075915.77,1171574.62
2018-08-31,2730.11,2744.63,2725.25,2710.54,1097587.38,-12.49,-0.46,2758.232,2739.212,2743.733,1134977.09,1084486.92,1185344.64
2018-08-30,2769.33,2780.53,2737.74,2736.35,1060609.38,-31.55,-1.14,2759.068,2733.584,2744.493,1116492.15,1087173.48,1193968.45
2018-08-29,2774.86,2778.54,2769.29,2762.35,1001569.31,-8.69,-0.31,2756.444,2730.329,2746.007,1101263.21,1101390.42,1228027.49
2018-08-28,2782.29,2791.39,2777.98,2769.4,1187493.62,-2.92,-0.1,2745.508,2725.726,2748.769,1088278.63,1117395.28,1252706.19
2018-08-27,2736.32,2780.9,2780.9,2736.32,1327625.75,51.47,1.89,2736.678,2726.024,2753.69,1077953.58,1108216.99,1252797.07
2018-08-24,2717.08,2748.82,2729.43,2705.32,1005162.69,4.81,0.18,2720.192,2726.521,2758.097,1033996.75,1102986.65,1262241.91
2018-08-23,2714.87,2736.01,2724.62,2700.8,984464.69,10.01,0.37,2708.1,2733.109,2765.305,1057854.81,1124002.62,1285169.58
2018-08-22,2731.96,2731.96,2714.61,2709.06,936646.38,-19.22,-0.7,2704.214,2740.085,2773.186,1101517.63,1177216.49,1320160.44
2018-08-21,2700.34,2739.17,2733.83,2696.29,1135868.38,35.36,1.31,2705.944,2743.031,2782.638,1146511.93,1231240.56,1357228.23
2018-08-20,2673.07,2698.47,2698.47,2653.11,1107841.62,29.5,1.1,2715.37,2747.585,2791.224,1138480.4,1267233.46,1415223.96
2018-08-17,2723.89,2730.33,2668.97,2665.59,1124453.0,-36.22,-1.34,2732.85,2748.254,2799.278,1171976.55,1286202.36,1446523.28
2018-08-16,2691.43,2732.95,2705.19,2672.74,1202778.75,-18.07,-0.66,2758.118,2755.401,2807.293,1190150.43,1300763.43,1463254.48
2018-08-15,2777.25,2777.7,2723.26,2721.24,1161617.88,-57.7,-2.08,2775.956,2761.684,2810.661,1252915.35,1354664.55,1460358.78
2018-08-14,2780.74,2789.44,2780.96,2766.57,1095710.75,-4.91,-0.18,2780.118,2771.811,2813.861,1315969.2,1388017.11,1462758.47
2018-08-13,2769.02,2789.8,2785.87,2742.56,1275322.38,-9.44,-0.34,2779.8,2781.355,2814.719,1395986.53,1397377.15,1460677.54
2018-08-10,2791.4,2806.11,2795.31,2777.51,1215322.38,0.93,0.03,2763.658,2789.673,2816.128,1400428.18,1421497.16,1450795.0
2018-08-09,2729.58,2801.66,2794.38,2726.22,1516603.38,50.31,1.83,2752.684,2797.501,2817.921,1411376.42,1446336.54,1448873.56
2018-08-08,2771.13,2779.91,2744.07,2741.07,1476887.12,-35.3,-1.27,2747.412,2806.286,2820.085,1456413.75,1463104.4,1446533.49
2018-08-07,2711.74,2779.37,2779.37,2696.04,1495797.38,74.21,2.74,2763.504,2822.244,2821.77,1460065.02,1483215.9,1436099.71
2018-08-06,2736.53,2760.47,2705.16,2692.32,1297530.62,-35.28,-1.29,2782.91,2834.863,2824.183,1398767.77,1563214.46,1419841.21
2018-08-03,2763.4,2777.66,2740.44,2740.43,1270063.62,-27.58,-1.0,2815.688,2850.301,2829.681,1442566.15,1606844.2,1415739.34
2018-08-02,2815.34,2815.34,2768.02,2726.48,1741790.0,-56.51,-2.0,2842.318,2859.184,2830.02,1481296.65,1625745.52,1420383.34
2018-08-01,2882.51,2897.4,2824.53,2823.93,1495143.5,-51.87,-1.8,2865.16,2859.637,2828.313,1469795.05,1566053.01,1397906.9
2018-07-31,2866.9,2884.68,2876.4,2854.32,1189311.12,7.35,0.26,2880.984,2855.91,2825.043,1506366.77,1537499.82,1384780.81
2018-07-30,2871.94,2896.01,2869.05,2850.3,1516522.5,-4.54,-0.16,2886.816,2848.083,2820.568,1727661.15,1523977.94,1396564.49
2018-07-27,2879.69,2889.69,2873.59,2864.11,1463716.12,-8.64,-0.3,2884.914,2842.582,2815.893,1771122.25,1480092.84,1389255.88
2018-07-26,2905.79,2915.3,2882.23,2875.7,1684282.0,-21.42,-0.74,2876.05,2838.341,2814.585,1770194.4,1451410.58,1378905.92
2018-07-25,2911.45,2912.31,2903.65,2894.04,1678002.12,-1.91,-0.07,2854.114,2833.884,2809.818,1662310.98,1429962.58,1353870.77
2018-07-24,2862.27,2911.46,2905.56,2862.27,2295783.0,46.02,1.61,2830.836,2821.296,2805.295,1568632.88,1388983.51,1334681.09
2018-07-23,2815.2,2863.57,2859.54,2809.62,1733828.0,30.27,1.07,2809.35,2813.503,2802.242,1320294.73,1276467.96,1282851.17
2018-07-20,2769.75,2837.86,2829.27,2753.84,1459076.88,56.72,2.05,2800.25,2809.06,2802.232,1189063.43,1224634.48,1257118.61
2018-07-19,2791.02,2805.01,2772.55,2764.49,1144864.88,-14.71,-0.53,2800.632,2800.856,2805.257,1132626.75,1215021.16,1247236.33
2018-07-18,2801.78,2818.4,2787.26,2786.04,1209611.62,-10.87,-0.39,2813.654,2796.989,2810.42,1197614.17,1229760.79,1267182.26
2018-07-17,2806.89,2806.92,2798.13,2774.76,1054092.25,-15.91,-0.56,2811.756,2794.176,2816.843,1209334.15,1232061.8,1278852.39
2018-07-16,2827.08,2837.51,2814.04,2804.49,1077671.5,-17.14,-0.6,2817.656,2793.052,2822.328,1232641.2,1269151.04,1341422.81
2018-07-13,2831.43,2835.46,2831.18,2818.85,1176893.5,-6.48,-0.23,2817.87,2789.204,2832.721,1260205.52,1298418.92,1359805.53
2018-07-12,2771.04,2844.19,2837.66,2771.04,1469802.0,59.89,2.16,2801.08,2790.828,2843.37,1297415.57,1306401.26,1358695.59
2018-07-11,2780.7,2794.36,2777.77,2752.44,1268211.5,-49.86,-1.76,2780.324,2785.752,2853.977,1261907.4,1277778.97,1345009.44
2018-07-10,2819.71,2828.49,2827.63,2800.63,1170627.5,12.52,0.45,2776.596,2789.293,2869.078,1254789.45,1280378.66,1338236.41
2018-07-09,2752.45,2815.79,2815.11,2752.45,1215493.12,67.88,2.47,2768.448,2790.981,2880.336,1305660.87,1289234.37,1333986.93
2018-07-06,2731.35,2768.87,2747.23,2691.02,1362943.75,13.35,0.49,2760.538,2795.404,2892.938,1336632.32,1289602.75,1340556.39
2018-07-05,2755.34,2777.52,2733.88,2727.94,1292261.12,-25.25,-0.92,2780.576,2809.657,2911.051,1315386.95,1279451.5,1336301.69
2018-07-04,2776.63,2793.18,2759.13,2754.16,1232621.75,-27.76,-1.0,2791.18,2823.85,2930.116,1293650.55,1304603.73,1331786.7
2018-07-03,2774.57,2786.89,2786.89,2722.45,1424984.62,11.33,0.41,2801.99,2839.51,2947.87,1305967.88,1325642.98,1329523.41
2018-07-02,2841.58,2845.68,2775.56,2756.82,1370350.38,-71.86,-2.52,2813.514,2851.603,2963.085,1272807.88,1413694.59,1315571.13
2018-06-29,2789.81,2848.37,2847.42,2782.38,1256716.88,60.52,2.17,2830.27,2876.237,2978.064,1242573.18,1421192.13,1311989.71
2018-06-28,2799.9,2825.99,2786.9,2782.45,1183579.12,-26.28,-0.93,2838.738,2895.911,2990.467,1243516.05,1410989.93,1319391.63
2018-06-27,2842.4,2854.26,2813.18,2798.8,1294208.38,-31.33,-1.1,2856.52,2922.201,3003.194,1315556.9,1412239.9,1337770.24
2018-06-26,2829.99,2850.24,2844.51,2803.79,1259184.62,-14.83,-0.52,2877.03,2948.863,3018.558,1345318.08,1396094.16,1340918.72
2018-06-25,2903.45,2908.62,2859.34,2857.87,1219176.88,-30.42,-1.05,2889.692,2969.69,3033.086,1554581.3,1378739.49,1342337.45
2018-06-22,2855.58,2891.97,2889.76,2837.14,1261431.25,13.95,0.48,2922.204,2990.471,3047.184,1599811.08,1391510.03,1345684.02
2018-06-21,2912.0,2940.59,2875.81,2872.62,1543783.38,-39.92,-1.37,2953.084,3012.445,3060.429,1578463.8,1393151.88,1344655.36
2018-06-20,2889.98,2925.56,2915.73,2872.16,1443014.25,7.91,0.27,2987.882,3036.382,3075.086,1508922.9,1358969.68,1346370.01
2018-06-19,2982.65,2984.97,2907.82,2871.35,2305500.75,-114.08,-3.77,3020.696,3056.23,3090.017,1446870.25,1333403.84,1346365.65
2018-06-15,3037.45,3048.8,3021.9,3008.73,1445325.75,-22.26,-0.73,3049.688,3074.567,3105.318,1202897.68,1217447.67,1313320.31
2018-06-14,3038.07,3066.05,3044.16,3032.41,1154694.88,-5.64,-0.18,3058.738,3079.891,3113.888,1183208.98,1202787.29,1309312.48
2018-06-13,3071.46,3071.46,3049.8,3044.12,1196078.88,-30.0,-0.97,3071.806,3085.022,3119.394,1207839.95,1227793.34,1308575.52
2018-06-12,3053.03,3081.45,3079.8,3034.1,1132751.0,27.02,0.89,3084.882,3084.186,3125.383,1209016.45,1263300.58,1314034.06
2018-06-11,3057.34,3063.61,3052.78,3037.91,1085637.88,-14.37,-0.47,3091.764,3088.252,3130.999,1219937.43,1285743.28,1319671.03
2018-06-08,3100.6,3100.68,3067.15,3053.29,1346882.25,-42.35,-1.36,3099.446,3096.482,3137.061,1231997.65,1305935.4,1330052.81
2018-06-07,3121.18,3128.72,3109.5,3105.58,1277849.75,-5.68,-0.18,3101.044,3103.897,3141.867,1222365.6,1299858.01,1328038.58
2018-06-06,3109.17,3117.53,3115.18,3103.53,1201961.38,0.97,0.03,3098.238,3108.412,3145.112,1247746.73,1296158.84,1330646.46
2018-06-05,3088.01,3114.77,3114.21,3080.05,1187355.88,23.02,0.74,3083.49,3113.79,3147.311,1317584.7,1333770.35,1331867.02
2018-06-04,3083.43,3098.4,3091.19,3076.99,1145939.0,16.05,0.52,3084.74,3123.804,3149.675,1351549.13,1359327.45,1345962.76
2018-06-01,3084.75,3102.09,3075.14,3059.79,1298722.0,-20.33,-0.66,3093.518,3136.069,3151.948,1379873.15,1409192.96,1358139.91
2018-05-31,3061.83,3098.08,3095.47,3054.27,1404755.38,54.03,1.78,3106.75,3147.885,3152.742,1377350.43,1415837.68,1352559.44
2018-05-30,3081.14,3085.4,3041.44,3041.0,1551151.25,-79.02,-2.53,3118.586,3153.766,3153.012,1344570.95,1389357.7,1352314.48
2018-05-29,3129.62,3143.21,3120.46,3112.15,1357178.0,-14.62,-0.47,3144.09,3166.579,3154.999,1349956.0,1364767.54,1341849.2
2018-05-28,3136.81,3149.66,3135.08,3115.96,1287559.12,-6.22,-0.2,3162.868,3173.745,3153.087,1367105.78,1353598.79,1339603.12
2018-05-25,3148.41,3156.73,3141.3,3131.07,1286108.38,-13.35,-0.42,3178.62,3177.64,3150.085,1438512.78,1354170.22,1342211.53
2018-05-24,3167.94,3173.53,3154.65,3152.07,1240858.0,-14.31,-0.45,3189.02,3179.836,3148.918,1454324.92,1356219.14,1341561.64
2018-05-23,3205.44,3205.44,3168.96,3168.96,1578076.5,-45.39,-1.41,3188.946,3181.812,3147.632,1434144.45,1365134.09,1360656.14
2018-05-22,3211.25,3214.59,3214.35,3192.23,1442926.88,0.51,0.02,3189.068,3180.831,3142.585,1379579.07,1329963.7,1347595.48
2018-05-21,3206.18,3219.74,3213.84,3203.34,1644594.12,20.54,0.64,3184.622,3175.546,3135.444,1340091.8,1332598.07,1353022.68
2018-05-18,3151.08,3193.45,3193.3,3144.78,1365169.12,39.02,1.24,3176.66,3167.826,3130.621,1269827.67,1307086.85,1350821.37
2018-05-17,3170.01,3172.77,3154.28,3148.62,1139955.62,-15.29,-0.48,3170.652,3157.599,3125.526,1258113.35,1289281.2,1362208.17
2018-05-16,3180.23,3191.95,3169.57,3166.81,1305249.62,-22.55,-0.71,3174.678,3152.257,3121.152,1296123.72,1315271.26,1378821.81
2018-05-15,3180.42,3192.81,3192.12,3164.52,1245490.5,18.09,0.57,3172.594,3143.418,3118.206,1280348.32,1318930.86,1390767.18
2018-05-14,3167.04,3183.82,3174.03,3163.48,1293273.5,10.77,0.34,3166.47,3132.429,3116.553,1325104.35,1325607.45,1392268.81
2018-05-11,3179.8,3180.76,3163.26,3162.21,1306597.5,-11.15,-0.35,3158.992,3122.529,3116.859,1344346.02,1330252.84,1401720.79
2018-05-10,3169.05,3176.14,3174.41,3155.53,1330007.5,15.26,0.48,3144.546,3118.0,3119.1,1320449.05,1326904.14,1424324.52
2018-05-09,3160.14,3165.37,3159.15,3145.66,1226372.62,-2.35,-0.07,3129.836,3113.452,3119.896,1334418.8,1356178.19,1441924.82
2018-05-08,3135.3,3169.7,3161.5,3134.06,1469270.62,24.86,0.79,3114.242,3104.338,3118.853,1357513.4,1365227.26,1450410.51
2018-05-07,3094.9,3136.84,3136.64,3091.66,1389481.88,45.61,1.48,3098.388,3095.342,3117.333,1326110.55,1373447.29,1450435.32
2018-05-04,3093.12,3104.09,3091.03,3086.78,1187112.62,-9.83,-0.32,3086.066,3093.416,3117.333,1316159.65,1394555.9,1457069.56
2018-05-03,3074.52,3105.66,3100.86,3056.16,1399856.25,19.68,0.64,3091.454,3093.453,3120.94,1333359.23,1435135.14,1486577.82
2018-05-02,3087.41,3097.6,3081.18,3064.76,1341845.62,-1.05,-0.03,3097.068,3090.047,3124.342,1377937.58,1442372.36,1493908.31
2018-04-27,3082.41,3088.03,3082.23,3049.91,1312256.38,7.2,0.23,3094.434,3092.994,3128.31,1372941.13,1462603.5,1511972.22
2018-04-26,3119.5,3121.93,3075.03,3067.93,1339727.38,-42.94,-1.38,3092.296,3100.676,3130.313,1420784.03,1458930.18,1528109.64
2018-04-25,3112.4,3122.91,3117.97,3107.0,1273110.5,-10.96,-0.35,3100.766,3111.189,3134.894,1472952.15,1473188.75,1555659.97
2018-04-24,3069.75,3136.04,3128.93,3069.75,1622748.0,60.92,1.99,3095.452,3120.2,3135.681,1536911.05,1521744.9,1585187.62
2018-04-23,3063.44,3085.06,3068.01,3045.94,1316863.38,-3.53,-0.12,3083.026,3126.339,3136.873,1506807.15,1527671.46,1641816.23
2018-04-20,3105.46,3111.17,3071.54,3065.92,1551470.88,-45.84,-1.47,3091.554,3133.367,3146.646,1552265.88,1535593.75,1651189.55
2018-04-19,3094.27,3127.44,3117.38,3090.29,1600568.0,25.98,0.84,3109.056,3139.324,3157.117,1497076.32,1527423.35,1657815.14
2018-04-18,3091.91,3096.89,3091.4,3041.63,1592905.0,24.6,0.8,3121.612,3141.249,3165.78,1473425.35,1519583.22,1647727.28
2018-04-17,3112.97,3118.76,3066.8,3064.03,1472228.5,-43.85,-1.41,3144.948,3148.427,3175.172,1506578.75,1538020.5,1637059.52
2018-04-16,3152.89,3153.11,3110.65,3096.1,1544157.0,-48.4,-1.53,3169.652,3158.637,3185.326,1548535.77,1545444.25,1634049.92
2018-04-13,3192.04,3197.9,3159.05,3155.51,1275523.12,-21.11,-0.66,3175.18,3163.625,3194.349,1518921.62,1561340.94,1631128.87
2018-04-12,3203.28,3205.25,3180.16,3177.05,1482313.12,-27.92,-0.87,3169.592,3159.949,3200.966,1557770.37,1597289.11,1646098.26
2018-04-11,3197.37,3220.85,3208.08,3191.59,1758672.0,17.76,0.56,3160.886,3158.598,3207.47,1565741.1,1638131.19,1660539.78
2018-04-10,3144.26,3190.65,3190.32,3139.08,1682013.62,52.03,1.66,3151.906,3151.162,3213.401,1569462.25,1648630.34,1675872.4
2018-04-09,3125.44,3146.09,3138.29,3110.3,1396086.25,7.18,0.23,3147.622,3147.406,3219.243,1542352.73,1755961.0,1675983.97
2018-04-04,3147.05,3163.34,3131.11,3128.87,1469766.88,-5.52,-0.18,3152.07,3159.925,3226.749,1603760.25,1766785.35,1681093.42
2018-04-03,3130.01,3144.33,3136.63,3119.13,1522166.75,-26.55,-0.84,3150.306,3174.909,3233.777,1636807.85,1788206.94,1691937.59
2018-04-02,3169.78,3192.34,3163.18,3159.99,1777277.75,-5.72,-0.18,3156.31,3190.31,3241.428,1710521.28,1775871.34,1713508.28
2018-03-30,3161.79,3177.72,3168.9,3152.89,1546466.0,8.37,0.27,3150.418,3201.917,3246.115,1727798.43,1736098.54,1697062.38
2018-03-29,3127.26,3174.51,3160.53,3098.25,1703123.88,38.24,1.23,3147.19,3212.015,3250.397,1969569.28,1722655.59,1695169.61
2018-03-28,3130.57,3165.21,3122.29,3117.53,1635004.88,-44.36,-1.4,3167.78,3225.073,3256.058,1929810.45,1700916.8,1689562.58
2018-03-27,3164.8,3172.78,3166.65,3143.57,1890733.88,32.93,1.05,3199.512,3241.982,3262.914,1939606.03,1694907.4,1683334.11
2018-03-26,3117.32,3134.28,3133.72,3091.46,1863663.5,-19.04,-0.6,3224.31,3256.341,3269.185,1841221.4,1682948.36,1675907.09
2018-03-23,3172.77,3188.24,3152.76,3110.66,2755320.25,-110.72,-3.39,3253.416,3275.639,3278.977,1744398.65,1703114.45,1677008.22
2018-03-22,3281.27,3288.8,3263.48,3242.76,1504329.75,-17.47,-0.53,3276.84,3291.08,3285.79,1475741.9,1596006.94,1612137.39
2018-03-21,3299.73,3314.21,3280.95,3268.88,1683982.75,-9.69,-0.29,3282.366,3293.573,3286.044,1472023.15,1595401.49,1606286.13
2018-03-20,3257.22,3292.57,3290.64,3252.43,1398810.75,11.39,0.35,3284.452,3292.645,3281.955,1450208.78,1595668.24,1572248.4
2018-03-19,3264.93,3280.57,3279.25,3251.05,1379549.75,9.37,0.29,3288.372,3292.545,3276.671,1524675.33,1651145.21,1578071.66
2018-03-16,3290.21,3300.57,3269.88,3269.28,1412036.5,-21.23,-0.65,3297.862,3290.313,3270.415,1661830.25,1658026.23,1585749.59
2018-03-15,3277.51,3297.1,3291.11,3273.2,1485736.0,-0.27,-0.01,3305.32,3288.778,3263.413,1716271.98,1667683.64,1643342.35
2018-03-14,3298.67,3304.98,3291.38,3287.36,1574910.88,-18.86,-0.57,3304.78,3287.042,3261.96,1718779.83,1678208.36,1669686.8
2018-03-13,3324.12,3333.88,3310.24,3307.38,1771143.5,-16.46,-0.49,3300.838,3283.845,3262.854,1741127.7,1671760.81,1721411.12
2018-03-12,3319.21,3333.56,3326.7,3313.56,2065324.38,19.53,0.59,3296.718,3282.028,3265.875,1777615.1,1668865.83,1773131.68
2018-03-09,3291.43,3309.72,3307.17,3283.56,1684245.12,18.76,0.57,3282.764,3282.315,3273.915,1654222.2,1650901.99,1778702.34
2018-03-08,3268.35,3289.5,3288.41,3261.55,1498275.25,16.74,0.51,3272.236,3280.5,3281.66,1619095.3,1628267.84,1798550.36
2018-03-07,3288.86,3308.41,3271.67,3264.76,1686650.25,-17.97,-0.55,3269.304,3278.515,3289.589,1637636.9,1617170.76,1853888.94
2018-03-06,3266.49,3290.25,3289.64,3243.65,1953580.5,32.71,1.0,3266.852,3271.264,3300.047,1602393.93,1548828.56,1873183.13
2018-03-05,3255.87,3269.4,3256.93,3236.72,1448359.88,2.4,0.07,3267.338,3260.796,3309.965,1560116.55,1504998.11,1868689.09
2018-03-02,3248.45,3269.94,3254.53,3242.27,1508610.62,-19.22,-0.59,3281.866,3250.516,3323.269,1647581.77,1513472.95,1914284.59
2018-03-01,3235.09,3280.15,3273.75,3228.58,1590983.25,14.34,0.44,3288.764,3238.048,3338.449,1637440.37,1619001.06,1950203.21
2018-02-28,3264.06,3277.83,3259.41,3239.84,1510435.38,-32.66,-0.99,3287.726,3236.878,3352.177,1596704.62,1661165.24,1992360.76
2018-02-27,3328.67,3328.67,3292.07,3284.63,1742193.62,-37.5,-1.13,3275.676,3241.863,3367.18,1495263.2,1771061.42,2043316.24
2018-02-26,3307.3,3335.99,3329.57,3281.62,1885686.0,40.55,1.23,3254.254,3249.721,3379.901,1449879.67,1877397.54,2075559.51
2018-02-23,3275.43,3294.13,3289.02,3258.49,1457903.62,20.46,0.63,3219.166,3265.514,3388.491,1379364.12,1906502.69,2090018.97
2018-02-22,3237.57,3269.92,3268.56,3234.12,1387304.5,69.4,2.17,3187.332,3282.82,3398.433,1600561.75,1968832.88,2140892.15
2018-02-14,3188.25,3203.5,3199.16,3171.38,1003228.25,14.2,0.45,3186.03,3300.662,3408.742,1725625.85,2090607.13,2181546.7
2018-02-13,3176.11,3219.22,3184.96,3176.11,1515276.0,30.83,0.98,3208.05,3328.829,3421.018,2046859.65,2197537.7,2261907.8
2018-02-12,3128.37,3168.13,3154.13,3113.61,1533108.25,24.28,0.78,3245.188,3359.134,3433.599,2304915.4,2232380.08,2291881.74
2018-02-09,3172.85,3180.11,3129.85,3062.74,2563891.75,-132.2,-4.05,3311.862,3396.021,3446.417,2433641.25,2315096.23,2331230.96
2018-02-08,3281.05,3307.16,3262.05,3225.71,2012625.0,-47.21,-1.43,3378.308,3438.849,3461.372,2337104.0,2281405.35,2290068.08
2018-02-07,3412.74,3425.54,3309.26,3304.01,2609397.25,-61.39,-1.82,3415.294,3467.475,3469.536,2455588.4,2323556.28,2276342.89
2018-02-06,3418.01,3440.12,3370.65,3364.22,2805554.75,-116.85,-3.35,3449.608,3492.496,3475.165,2348215.75,2315571.05,2250420.53
2018-02-05,3411.67,3487.72,3487.5,3406.24,2176737.5,25.42,0.73,3473.08,3510.081,3477.327,2159844.75,2273721.48,2205887.07
2018-02-02,3419.22,3463.16,3462.08,3388.86,2081205.5,15.1,0.44,3480.18,3511.467,3473.426,2196551.2,2273535.25,2215132.74
2018-02-01,3478.67,3495.09,3446.98,3424.42,2605047.0,-33.85,-0.97,3499.39,3514.045,3469.91,2225706.7,2312951.43,2217602.81
2018-01-31,3470.51,3495.45,3480.83,3454.73,2072534.0,-7.18,-0.21,3519.656,3516.822,3466.846,2191524.15,2272486.28,2190828.1
2018-01-30,3511.5,3523.05,3488.01,3484.66,1863699.75,-34.99,-0.99,3535.384,3513.206,3461.26,2282926.35,2326277.9,2194119.48
2018-01-29,3563.64,3587.03,3523.0,3510.27,2360269.75,-35.13,-0.99,3547.082,3508.064,3454.276,2387598.2,2351383.4,2202073.92
2018-01-26,3535.49,3574.9,3558.13,3534.2,2226983.0,9.82,0.28,3542.754,3496.813,3443.485,2350519.3,2347365.7,2154853.85
2018-01-25,3555.17,3571.48,3548.31,3528.03,2434134.25,-11.16,-0.31,3528.7,3483.894,3430.397,2400196.15,2298730.8,2131190.54
2018-01-24,3553.48,3569.49,3559.47,3527.11,2529545.0,12.97,0.37,3513.988,3471.597,3416.771,2353448.4,2229129.51,2090821.27
2018-01-23,3504.34,3547.22,3546.5,3504.34,2387059.0,45.14,1.29,3491.028,3457.833,3404.103,2369629.45,2185270.01,2035561.27
2018-01-22,3476.99,3503.39,3501.36,3475.67,2174875.25,13.5,0.39,3469.046,3444.573,3390.801,2315168.6,2138052.66,1989655.14
2018-01-19,3481.62,3498.43,3487.86,3474.29,2475367.25,13.11,0.38,3450.872,3435.385,3380.586,2344212.1,2156730.24,1942935.04
2018-01-18,3449.88,3476.55,3474.75,3448.79,2200395.5,30.08,0.87,3439.088,3425.774,3371.196,2197265.45,2122254.19,1890230.64
2018-01-17,3438.58,3465.2,3444.67,3430.51,2610450.25,8.08,0.23,3429.206,3416.87,3361.839,2104810.63,2109169.93,1849083.42
2018-01-16,3403.47,3437.58,3436.59,3401.96,2114754.75,26.1,0.77,3424.638,3409.314,3354.433,2000910.58,2061961.05,1776130.98
2018-01-15,3428.95,3442.5,3410.49,3402.31,2320092.75,-18.45,-0.54,3420.1,3400.488,3345.999,1960936.73,2052764.44,1730743.43
2018-01-12,3423.88,3435.42,3428.94,3417.98,1740634.0,3.6,0.1,3419.898,3390.156,3338.782,1969248.38,1962342.0,1680209.1
2018-01-11,3415.59,3426.48,3425.34,3405.64,1738121.38,3.51,0.1,3412.46,3376.9,3331.957,2047242.93,1963650.28,1653449.52
2018-01-10,3414.11,3430.21,3421.83,3398.84,2090950.0,7.93,0.23,3404.534,3361.944,3325.842,2113529.23,1952513.03,1622542.78
2018-01-09,3406.11,3417.23,3413.9,3403.59,1914885.5,4.42,0.13,3393.99,3350.373,3318.791,2123011.53,1885852.53,1580297.69
2018-01-08,3391.55,3412.73,3409.48,3384.56,2361651.0,17.73,0.52,3380.876,3337.029,3314.206,2144592.15,1841257.61,1550536.41
2018-01-05,3386.46,3402.07,3391.75,3380.25,2130606.75,6.04,0.18,3360.414,3325.787,3308.231,1955435.63,1729139.84,1499058.51
2018-01-04,3371.0,3392.83,3385.71,3365.3,2069552.88,16.6,0.49,3341.34,3316.618,3302.246,1880057.63,1658207.09,1458581.13
2018-01-03,3347.74,3379.92,3369.11,3345.29,2138361.5,20.78,0.62,3319.354,3306.808,3297.659,1791496.83,1588996.91,1430905.71
2018-01-02,3314.03,3349.05,3348.33,3314.03,2022788.62,41.16,1.25,3306.756,3299.551,3294.387,1648693.53,1490300.9,1428127.06
2017-12-29,3295.25,3308.22,3307.17,3292.77,1415868.38,10.79,0.33,3293.182,3291.51,3292.452,1537923.08,1408722.43,1401014.28
2017-12-28,3272.29,3304.1,3296.38,3263.73,1753716.75,20.6,0.63,3291.16,3287.407,3292.974,1502844.05,1398076.2,1399820.01
2017-12-27,3302.46,3307.08,3275.78,3270.35,1626748.88,-30.34,-0.92,3291.896,3287.013,3294.015,1436356.55,1343248.76,1390432.09
2017-12-26,3277.84,3307.3,3306.12,3274.33,1424345.0,25.66,0.78,3294.262,3289.739,3297.119,1386497.0,1292572.53,1400997.62
2017-12-25,3296.21,3312.3,3280.46,3270.44,1468936.38,-16.6,-0.5,3292.346,3287.208,3298.496,1331908.28,1274742.85,1398904.27
2017-12-22,3297.69,3307.33,3297.06,3293.44,1240473.25,-3.0,-0.09,3289.838,3291.382,3300.584,1279521.78,1259815.2,1408677.04
2017-12-21,3281.12,3309.22,3300.06,3267.4,1421279.25,12.45,0.38,3283.654,3290.675,3303.422,1293308.35,1268977.19,1426438.21
2017-12-20,3296.74,3300.21,3287.61,3276.12,1377451.12,-8.93,-0.27,3282.13,3287.874,3306.015,1250140.98,1258955.16,1463006.94
2017-12-19,3266.02,3296.94,3296.54,3266.02,1151401.38,28.62,0.88,3285.216,3288.509,3313.158,1198648.05,1272814.5,1500917.94
2017-12-18,3268.03,3280.54,3267.92,3254.18,1207003.88,1.78,0.05,3282.07,3289.223,3318.856,1217577.43,1365953.23,1541783.77
2017-12-15,3287.53,3287.53,3266.14,3259.39,1309406.12,-26.3,-0.8,3292.926,3293.393,3325.08,1240108.63,1393306.13,1569695.92
2017-12-14,3302.93,3309.53,3292.44,3282.57,1205442.38,-10.6,-0.32,3297.696,3298.541,3330.918,1244646.03,1401563.81,1628954.69
2017-12-13,3278.4,3304.01,3303.04,3273.32,1119986.5,22.23,0.68,3293.618,3301.016,3336.259,1267769.35,1437615.43,1647024.74
2017-12-12,3320.31,3320.31,3280.81,3280.33,1246048.25,-41.39,-1.25,3291.802,3304.498,3341.233,1346980.95,1509422.71,1675421.45
2017-12-11,3290.49,3322.67,3322.2,3288.29,1319659.88,32.21,0.98,3296.376,3309.783,3348.67,1514329.02,1523065.69,1711355.38
2017-12-08,3264.48,3297.13,3289.99,3258.76,1332093.12,17.94,0.55,3293.86,3309.786,3354.952,1546503.62,1557538.88,1748066.91
2017-12-07,3283.28,3291.28,3272.05,3259.16,1321059.0,-21.91,-0.67,3299.386,3316.169,3362.086,1558481.6,1583899.23,1776100.5
2017-12-06,3291.31,3296.2,3293.96,3254.61,1516044.5,-9.72,-0.29,3308.414,3324.156,3369.873,1607461.5,1667058.73,1789372.76
2017-12-05,3301.69,3315.74,3303.68,3300.51,2082788.62,-5.94,-0.18,3317.194,3337.806,3375.948,1671864.48,1729021.38,1806288.78
2017-12-04,3310.38,3324.0,3309.62,3304.1,1480532.88,-8.0,-0.24,3323.19,3348.488,3381.442,1531802.35,1717614.31,1797435.22
2017-12-01,3315.11,3324.52,3317.62,3302.44,1391983.0,0.43,0.01,3325.712,3356.766,3385.37,1568574.13,1746085.71,1800726.81
2017-11-30,3328.64,3340.92,3317.19,3306.28,1565958.5,-20.67,-0.62,3332.952,3363.295,3388.076,1609316.85,1856345.56,1817485.05
2017-11-29,3335.57,3343.06,3337.86,3305.57,1838059.38,4.2,0.13,3339.898,3371.501,3391.382,1726655.95,1856434.05,1822619.26
2017-11-28,3311.23,3333.8,3333.66,3300.78,1382478.0,11.43,0.34,3358.418,3377.967,3394.284,1786178.27,1841420.19,1820999.35
2017-11-27,3346.66,3347.05,3322.23,3315.26,1664391.75,-31.59,-0.94,3373.786,3387.556,3397.268,1903426.27,1899645.06,1828624.55
2017-11-24,3340.38,3360.75,3353.82,3328.33,1595696.62,1.9,0.06,3387.82,3400.117,3400.674,1923597.3,1938594.94,1849579.61
2017-11-23,3425.01,3429.42,3351.92,3342.33,2152654.0,-78.54,-2.29,3393.638,3408.002,3403.823,2103374.28,1968301.78,1854923.36
2017-11-22,3417.33,3442.18,3430.46,3404.29,2135671.0,19.96,0.58,3403.104,3415.589,3406.606,1986212.15,1911686.8,1839174.98
2017-11-21,3382.36,3419.8,3410.5,3377.6,1968718.0,18.1,0.53,3397.516,3414.089,3404.928,1896662.1,1883556.18,1793957.04
2017-11-20,3361.36,3393.11,3392.4,3337.12,1765246.88,9.49,0.28,3401.326,3414.396,3403.815,1895863.85,1877256.13,1765469.89
2017-11-17,3392.68,3403.29,3382.91,3373.3,2494581.5,-16.34,-0.48,3412.414,3413.973,3403.23,1953592.58,1855367.9,1742630.69
2017-11-16,3393.19,3409.65,3399.25,3390.59,1566843.38,-3.27,-0.1,3422.366,3412.856,3403.017,1833229.28,1778624.54,1681488.04
2017-11-15,3416.21,3423.75,3402.52,3396.38,1687920.75,-27.03,-0.79,3428.074,3411.262,3401.563,1837161.45,1788804.46,1682384.13
2017-11-14,3446.55,3450.49,3429.55,3419.69,1964726.75,-18.29,-0.53,3430.662,3410.601,3400.527,1870450.25,1800578.51,1676602.48
2017-11-13,3435.18,3449.16,3447.84,3435.08,2053890.5,15.17,0.44,3427.466,3406.98,3397.651,1858648.4,1757604.04,1641057.01
2017-11-10,3423.18,3438.79,3432.67,3414.33,1892765.0,4.88,0.14,3415.532,3401.23,3394.183,1757143.22,1760564.28,1625527.79
2017-11-09,3410.67,3428.77,3427.79,3408.62,1586504.25,12.33,0.36,3403.346,3399.644,3392.075,1724019.8,1741544.95,1600866.93
2017-11-08,3409.15,3434.49,3415.46,3404.88,1854364.75,1.89,0.06,3394.45,3397.622,3389.991,1740447.47,1766663.15,1602446.4
2017-11-07,3389.47,3415.15,3413.57,3387.95,1905717.5,25.4,0.75,3390.54,3395.766,3388.632,1730706.77,1704357.9,1600466.51
2017-11-06,3369.69,3389.38,3388.17,3356.53,1546364.62,16.43,0.49,3386.494,3393.234,3387.103,1656559.67,1653683.66,1594892.56
2017-11-03,3377.74,3380.57,3371.74,3347.36,1727147.88,-11.57,-0.34,3386.928,3392.487,3386.413,1763985.33,1629893.49,1613442.36
2017-11-02,3391.65,3391.65,3383.31,3372.21,1668642.62,-12.6,-0.37,3395.942,3393.178,3385.273,1759070.1,1584351.55,1599516.18
2017-11-01,3393.97,3410.35,3395.91,3388.6,1805661.25,2.57,0.08,3400.794,3391.864,3383.09,1792878.83,1575963.79,1590806.2
2017-10-31,3381.0,3397.1,3393.34,3376.12,1534982.0,3.0,0.09,3400.992,3390.452,3380.558,1678009.03,1552626.45,1572066.61
2017-10-30,3413.87,3419.73,3390.34,3357.28,2083492.88,-26.47,-0.78,3399.974,3388.322,3378.07,1650807.65,1524509.98,1561631.81
2017-10-27,3404.5,3421.1,3416.81,3402.11,1702571.75,9.24,0.27,3398.046,3387.135,3375.63,1495801.65,1490491.31,1542267.81
2017-10-26,3397.52,3414.24,3407.57,3391.45,1837686.25,10.67,0.31,3390.414,3384.506,3372.416,1409633.0,1460188.9,1546756.23
2017-10-25,3384.86,3398.3,3396.9,3382.03,1231312.25,8.65,0.26,3382.934,3382.359,3369.928,1359048.75,1438229.65,1553596.27
2017-10-24,3376.6,3388.69,3388.25,3374.12,1398975.12,7.55,0.22,3379.912,3381.497,3368.383,1427243.88,1496575.13,1588128.99
2017-10-23,3382.28,3385.29,3380.7,3374.71,1308462.88,2.05,0.06,3376.67,3380.971,3366.813,1398212.3,1536101.45,1613745.08
2017-10-20,3363.51,3379.77,3378.65,3360.1,1271728.5,8.48,0.25,3376.224,3380.339,3365.921,1485180.98,1596991.23,1643481.77
2017-10-19,3374.64,3378.74,3370.17,3359.63,1584765.0,-11.62,-0.34,3378.598,3377.368,3364.669,1510744.8,1614680.81,1689778.26
2017-10-18,3373.53,3383.23,3381.79,3371.92,1572287.88,9.75,0.29,3381.784,3374.315,3364.732,1517410.55,1605648.61,1721193.24
2017-10-17,3373.23,3382.41,3372.04,3365.56,1253817.25,-6.43,-0.19,3383.082,3370.663,3364.85,1565906.37,1591506.78,1739854.21
2017-10-16,3393.21,3400.51,3378.47,3374.77,1743306.25,-12.05,-0.35,3385.272,3367.817,3365.223,1673990.6,1598753.65,1813618.51
2017-10-13,3384.49,3395.75,3390.52,3383.24,1399547.62,4.42,0.13,3384.454,3364.125,3365.12,1708801.47,1594044.31,1835958.71
2017-10-12,3385.53,3390.2,3386.1,3372.53,1618093.75,-2.18,-0.06,3376.138,3360.326,3363.856,1718616.83,1633323.56,1865183.92
2017-10-11,3381.49,3395.78,3388.28,3379.16,1814767.0,5.29,0.16,3366.846,3357.497,3362.826,1693886.68,1668962.89,1894838.57
2017-10-10,3373.34,3384.03,3382.99,3358.8,1794238.38,8.61,0.26,3358.244,3355.269,3362.682,1617107.18,1679682.85,1918645.61
2017-10-09,3403.25,3410.17,3374.38,3366.97,1917360.62,25.44,0.76,3350.362,3352.654,3362.748,1523516.7,1691388.7,1937210.16
2017-09-29,3340.31,3357.02,3348.94,3340.31,1448624.38,9.3,0.28,3343.796,3351.502,3363.008,1479287.15,1689972.31,1975056.06
2017-09-28,3343.84,3344.6,3339.64,3336.18,1494443.0,-5.63,-0.17,3344.514,3351.97,3363.917,1548030.3,1764875.7,2043873.63
2017-09-27,3340.82,3349.69,3345.27,3340.3,1430869.5,1.69,0.05,3348.148,3355.149,3364.976,1644039.1,1836737.88,2086361.36
2017-09-26,3336.35,3347.16,3343.58,3332.6,1326286.0,2.03,0.06,3352.294,3359.037,3365.894,1742258.52,1888201.64,2138249.54
2017-09-25,3344.59,3350.96,3341.55,3334.94,1696212.88,-10.98,-0.33,3354.946,3362.628,3366.976,1859260.7,2028483.36,2181687.5
2017-09-22,3347.16,3356.45,3352.53,3334.98,1792340.12,-5.28,-0.16,3359.208,3366.115,3368.031,1900657.47,2077873.1,2225607.58
2017-09-21,3364.7,3377.88,3357.81,3356.88,1974487.0,-8.19,-0.24,3359.426,3367.386,3366.981,1981721.1,2097044.28,2238910.32
2017-09-20,3352.18,3370.1,3366.0,3346.54,1921966.62,9.16,0.27,3362.15,3368.155,3362.666,2029436.65,2120714.25,2221920.44
2017-09-19,3365.53,3370.4,3356.84,3344.71,1911296.88,-6.02,-0.18,3365.78,3370.094,3358.751,2034144.75,2157608.36,2215738.21
2017-09-18,3352.51,3371.75,3362.86,3352.51,1903196.75,9.24,0.28,3370.31,3372.842,3355.42,2197706.02,2183031.63,2213442.36
2017-09-15,3365.15,3365.53,3353.62,3345.33,2197658.25,-17.81,-0.53,3373.022,3374.514,3351.623,2255088.72,2260139.8,2211343.77
2017-09-14,3383.47,3391.64,3371.43,3361.33,2213064.75,-12.72,-0.38,3375.346,3375.864,3347.378,2212367.45,2322871.55,2197022.1
2017-09-13,3374.72,3387.14,3384.15,3366.54,1945507.12,4.66,0.14,3374.16,3374.802,3342.228,2211991.85,2335984.85,2188180.14
2017-09-12,3381.49,3391.07,3379.49,3370.85,2729103.25,3.07,0.09,3374.408,3372.75,3335.343,2281071.98,2388297.44,2179330.81
2017-09-11,3365.35,3384.81,3376.42,3360.05,2190110.25,11.18,0.33,3375.374,3371.324,3328.931,2168357.23,2334891.64,2134024.65
2017-09-08,3364.43,3380.89,3365.24,3353.69,1984051.88,-0.26,-0.01,3376.006,3369.947,3321.978,2265190.88,2373342.06,2119692.53
2017-09-07,3383.63,3387.8,3365.5,3363.18,2211186.75,-19.89,-0.59,3376.382,3366.575,3314.143,2433375.65,2380776.36,2151971.44
2017-09-06,3372.43,3391.01,3385.39,3364.76,2290907.75,1.07,0.03,3375.444,3357.176,3308.956,2459977.85,2323126.63,2161754.41
2017-09-05,3377.2,3390.82,3384.32,3371.57,2165529.5,4.74,0.14,3371.092,3347.407,3303.465,2495522.9,2273868.06,2165007.98
2017-09-04,3369.72,3381.4,3379.58,3359.13,2674278.5,12.46,0.37,3367.274,3337.998,3298.342,2501426.05,2243853.1,2182753.26
2017-09-01,3365.99,3381.93,3367.12,3358.47,2824975.75,6.31,0.19,3363.888,3328.731,3293.336,2481493.25,2162547.74,2164626.03
2017-08-31,3361.46,3367.36,3360.81,3340.69,2344197.75,-2.82,-0.08,3356.768,3318.891,3288.084,2328177.08,2071172.65,2161330.41
2017-08-30,3361.82,3376.65,3363.63,3357.08,2468633.0,-1.6,-0.05,3338.908,3309.653,3283.69,2186275.4,2040375.43,2160759.03
2017-08-29,3362.06,3374.59,3365.23,3354.46,2195045.25,2.58,0.08,3323.722,3297.935,3279.762,2052213.23,1970364.18,2170692.69
2017-08-28,3336.13,3375.03,3362.65,3336.13,2574614.5,31.13,0.93,3308.722,3286.538,3276.132,1986280.15,1933157.65,2179537.73
2017-08-25,3271.46,3331.91,3331.52,3271.46,2058394.88,60.01,1.83,3293.574,3274.009,3271.651,1843602.23,1866043.0,2173826.73
2017-08-24,3287.96,3297.99,3271.51,3266.36,1634689.38,-16.19,-0.49,3281.014,3261.711,3267.737,1814168.23,1923166.51,2162020.42
2017-08-23,3283.8,3299.46,3287.7,3274.44,1798322.12,-2.53,-0.08,3280.398,3260.735,3266.651,1894475.45,2000382.2,2194528.93
2017-08-22,3287.61,3293.48,3290.23,3274.94,1865379.88,3.32,0.1,3272.148,3259.522,3264.649,1888515.13,2056147.89,2211383.82
2017-08-21,3274.58,3287.52,3286.91,3270.48,1861224.88,18.19,0.56,3264.354,3258.686,3262.322,1880035.15,2121653.43,2220901.76
2017-08-18,3253.24,3275.08,3268.72,3248.08,1911224.88,0.29,0.01,3254.444,3257.941,3260.507,1888483.78,2166704.31,2244368.72
2017-08-17,3253.85,3269.14,3268.43,3251.46,2036225.5,21.98,0.68,3242.408,3257.277,3258.97,2032164.8,2251488.18,2251809.1
2017-08-16,3247.85,3248.79,3246.45,3228.87,1768520.5,-4.81,-0.15,3241.072,3257.727,3257.791,2106288.95,2281142.63,2266052.03
2017-08-15,3235.23,3263.59,3251.26,3235.1,1822980.0,13.9,0.43,3246.896,3261.588,3257.018,2223780.65,2371021.2,2313836.36
2017-08-14,3206.04,3240.05,3237.36,3206.04,1903468.0,28.82,0.9,3253.018,3265.726,3253.833,2363271.7,2425917.8,2317998.89
2017-08-11,3237.92,3245.12,3208.54,3200.75,2629630.0,-53.21,-1.63,3261.438,3269.293,3250.788,2444924.85,2481610.45,2355928.13
2017-08-10,3269.73,3282.52,3261.75,3236.18,2406846.25,-13.82,-0.42,3272.146,3273.763,3251.482,2470811.55,2400874.33,2304510.02
2017-08-09,3277.81,3277.94,3275.57,3263.85,2355979.0,-6.3,-0.19,3274.382,3272.566,3249.303,2455996.3,2388675.65,2281819.51
2017-08-08,3277.19,3285.48,3281.87,3269.66,2520435.25,2.41,0.07,3276.28,3269.776,3245.401,2518261.75,2366619.75,2257471.0
2017-08-07,3257.67,3280.1,3279.46,3243.72,2311733.75,17.38,0.53,3278.434,3265.958,3241.46,2488563.9,2320150.1,2225367.87
2017-08-04,3269.32,3287.19,3262.08,3261.31,2759063.5,-10.85,-0.33,3277.148,3263.072,3238.118,2518296.05,2322033.13,2209245.19
2017-08-03,3279.99,3293.37,3272.93,3262.16,2332770.0,-12.13,-0.37,3275.38,3260.662,3235.912,2330937.1,2252130.03,2159649.72
2017-08-02,3288.52,3305.43,3285.06,3282.04,2667306.25,-7.58,-0.23,3270.75,3257.855,3232.888,2321355.0,2250961.43,2130915.86
2017-08-01,3274.37,3292.64,3292.64,3273.5,2371946.0,19.61,0.6,3263.272,3252.447,3228.991,2214977.75,2256651.53,2071698.79
2017-07-31,3252.75,3276.95,3273.03,3251.19,2460394.5,19.79,0.61,3253.482,3241.94,3223.499,2151736.3,2210079.99,2023658.97
2017-07-28,3240.17,3256.37,3253.24,3232.96,1822268.75,3.46,0.11,3248.996,3232.283,3219.643,2125770.2,2230245.81,1970792.11
2017-07-27,3243.77,3251.93,3249.78,3220.64,2284859.5,2.11,0.07,3245.944,3229.201,3216.603,2173322.95,2208145.71,1940410.94
2017-07-26,3244.46,3264.85,3247.67,3228.04,2135420.0,3.98,0.12,3244.96,3226.039,3213.517,2180567.85,2174963.37,1890545.7
2017-07-25,3249.14,3261.65,3243.69,3233.14,2055738.75,-6.91,-0.21,3241.622,3221.026,3209.793,2298325.3,2148322.25,1857033.06
2017-07-24,3230.9,3261.1,3250.6,3230.07,2330564.0,12.62,0.39,3230.398,3216.961,3207.169,2268423.67,2130585.64,1828346.72
2017-07-21,3236.59,3247.71,3237.98,3231.96,2060032.5,-6.88,-0.21,3215.57,3213.164,3203.911,2334721.42,2096457.25,1798608.13
2017-07-20,3227.51,3246.24,3244.86,3225.43,2321084.0,13.88,0.43,3212.458,3211.162,3199.905,2242968.47,2067169.41,1773028.33
2017-07-19,3181.4,3232.94,3230.98,3179.73,2724207.25,43.41,1.36,3207.118,3207.92,3195.035,2169358.9,2010870.3,1752646.13
2017-07-18,3159.73,3187.67,3187.57,3150.13,1906230.62,11.11,0.35,3200.43,3205.535,3191.296,1998319.2,1886746.06,1684779.9
2017-07-17,3219.79,3230.35,3176.46,3139.5,2662052.75,-45.96,-1.43,3203.524,3205.058,3188.918,1992747.6,1837237.96,1660064.27
2017-07-14,3212.03,3222.98,3222.42,3204.85,1601267.75,4.26,0.13,3210.758,3207.003,3187.314,1858193.07,1711338.4,1594407.51
2017-07-13,3192.36,3219.27,3218.16,3190.34,1953036.12,20.62,0.65,3209.866,3204.004,3182.351,1891370.35,1672676.16,1579170.5
2017-07-12,3201.93,3215.2,3197.54,3177.93,1869008.75,-5.5,-0.17,3208.722,3200.994,3178.068,1852381.7,1606128.02,1554995.82
2017-07-11,3201.52,3226.91,3203.04,3199.22,1878372.62,-9.59,-0.3,3210.64,3198.56,3174.724,1775172.92,1565743.87,1530718.91
2017-07-10,3208.46,3223.34,3212.63,3203.21,1989280.12,-5.33,-0.17,3206.592,3197.376,3172.259,1681728.32,1526107.81,1500959.41
2017-07-07,3203.82,3219.52,3217.96,3195.29,1767154.12,5.52,0.17,3203.248,3194.657,3168.622,1564483.72,1500759.01,1474860.12
2017-07-06,3203.86,3215.95,3212.44,3188.77,1758092.88,5.31,0.17,3198.142,3188.648,3165.644,1453981.98,1478887.25,1466570.58
2017-07-05,3179.22,3207.31,3207.13,3174.71,1482964.88,24.33,0.76,3193.266,3182.149,3162.538,1359874.35,1494421.96,1454804.77
2017-07-04,3192.89,3193.06,3182.8,3174.31,1411149.62,-13.11,-0.41,3186.48,3177.057,3159.198,1356314.82,1482813.74,1467271.03
2017-07-03,3192.0,3196.29,3195.91,3177.02,1403057.12,3.48,0.11,3188.16,3172.778,3155.164,1370487.3,1482890.57,1453433.53
2017-06-30,3176.95,3193.24,3192.43,3171.57,1214645.38,4.37,0.14,3186.066,3167.624,3149.952,1437034.3,1477476.62,1449565.82
2017-06-29,3174.98,3188.77,3188.06,3174.28,1287554.75,14.86,0.47,3179.154,3160.698,3145.607,1503792.52,1485664.85,1460086.02
2017-06-28,3183.63,3193.44,3173.2,3170.79,1465167.25,-18.0,-0.56,3171.032,3155.141,3141.335,1628969.57,1503863.62,1477216.14
2017-06-27,3183.42,3193.46,3191.2,3172.46,1482012.0,5.76,0.18,3167.634,3150.888,3138.534,1609312.65,1495693.94,1480432.99
2017-06-26,3157.0,3187.89,3185.44,3156.98,1735792.12,27.57,0.87,3157.396,3147.142,3134.477,1595293.85,1475811.01,1484294.14
2017-06-23,3138.44,3158.05,3157.87,3118.09,1548436.5,10.42,0.33,3149.182,3142.586,3130.597,1517918.95,1448961.22,1493200.45
2017-06-22,3152.24,3186.98,3147.45,3146.64,1913440.0,-8.76,-0.28,3142.242,3142.639,3125.907,1467537.17,1454253.91,1485685.3
2017-06-21,3148.99,3157.03,3156.21,3132.62,1366882.62,16.2,0.52,3139.25,3142.927,3121.632,1378757.67,1415187.57,1479168.6
2017-06-20,3148.02,3150.46,3140.01,3134.61,1411918.0,-4.36,-0.14,3134.142,3141.338,3117.606,1382075.22,1451728.32,1487666.33
2017-06-19,3122.16,3146.77,3144.37,3121.78,1348917.62,21.2,0.68,3136.888,3137.55,3115.137,1356328.17,1423976.49,1481888.04
2017-06-16,3126.37,3134.25,3123.17,3117.86,1296527.62,-9.32,-0.3,3135.99,3132.279,3112.425,1380003.5,1421655.02,1488752.18
2017-06-15,3125.59,3137.59,3132.49,3117.08,1469542.5,1.82,0.06,3143.036,3130.516,3111.489,1440970.65,1434507.19,1508262.88
2017-06-14,3146.75,3149.17,3130.67,3125.35,1383470.38,-23.07,-0.73,3146.604,3127.529,3110.512,1451617.48,1450568.66,1521673.54
2017-06-13,3134.01,3155.99,3153.74,3131.04,1283182.75,13.86,0.44,3148.534,3126.18,3108.49,1521381.42,1465172.05,1520330.38
2017-06-12,3149.53,3164.95,3139.88,3135.31,1467294.25,-18.52,-0.59,3138.212,3121.812,3104.979,1491624.8,1492777.26,1536013.29
2017-06-09,3147.45,3165.92,3158.4,3146.11,1601363.38,8.07,0.26,3128.568,3118.607,3101.06,1463306.55,1537439.68,1558319.53
2017-06-08,3136.47,3153.26,3150.33,3132.83,1522776.62,10.01,0.32,3117.996,3109.175,3095.779,1428043.72,1517116.69,1558648.59
2017-06-07,3101.76,3140.77,3140.32,3098.95,1732290.12,38.19,1.23,3108.454,3100.337,3092.289,1449519.85,1543149.63,1550043.09
2017-06-06,3084.54,3102.86,3102.13,3078.79,1134399.62,10.47,0.34,3103.826,3093.873,3089.204,1408962.67,1523604.34,1553692.04
2017-06-05,3102.11,3105.51,3091.66,3084.83,1325703.0,-13.88,-0.45,3105.412,3092.723,3089.249,1493929.73,1539799.6,1585078.88
2017-06-02,3094.23,3110.39,3105.54,3081.85,1425049.25,2.92,0.09,3108.646,3092.571,3091.035,1611572.8,1555849.34,1607777.47
2017-06-01,3108.42,3113.52,3102.62,3097.68,1630157.25,-14.56,-0.47,3100.354,3092.461,3092.525,1606189.65,1582018.58,1618406.97
2017-05-31,3125.33,3143.28,3117.18,3111.56,1529504.25,7.12,0.23,3092.22,3093.495,3094.58,1636779.4,1592778.41,1614010.59
2017-05-26,3101.29,3120.66,3110.06,3100.39,1559234.88,2.23,0.07,3083.92,3090.8,3096.454,1638246.0,1575488.71,1618980.33
2017-05-25,3055.34,3114.66,3107.83,3052.83,1913918.38,43.75,1.43,3080.034,3088.145,3098.56,1585669.48,1579249.33,1646915.12
2017-05-24,3047.57,3064.81,3064.08,3022.3,1398133.5,2.13,0.07,3076.496,3083.512,3100.211,1500125.88,1579199.39,1636158.26
2017-05-23,3069.39,3084.24,3061.95,3050.84,1783106.0,-13.73,-0.45,3084.568,3082.383,3103.736,1557847.5,1600180.49,1642960.74
2017-05-22,3087.17,3103.94,3075.68,3063.15,1536837.25,-14.95,-0.48,3094.77,3084.241,3107.115,1548777.42,1556936.56,1646944.16
2017-05-19,3086.71,3095.48,3090.63,3081.28,1296352.25,0.49,0.02,3097.68,3084.534,3111.988,1512731.42,1583779.74,1652483.16
2017-05-18,3082.33,3103.44,3090.14,3077.96,1486200.38,-14.3,-0.46,3096.256,3085.775,3116.062,1572829.17,1630358.15,1683102.54
2017-05-17,3107.8,3119.58,3104.44,3101.3,1686741.62,-8.52,-0.27,3090.528,3089.498,3120.089,1658272.9,1659705.6,1715411.56
2017-05-16,3082.87,3113.51,3112.96,3060.53,1737755.62,22.73,0.74,3080.198,3092.589,3124.703,1642513.47,1654795.36,1725405.16
2017-05-15,3085.93,3098.91,3090.23,3085.93,1356607.25,6.72,0.22,3073.712,3095.664,3130.163,1565095.7,1635242.76,1744885.98
2017-05-12,3054.11,3090.49,3083.51,3051.87,1596841.0,22.01,0.72,3071.388,3102.107,3137.955,1654828.05,1662471.94,1784309.89
2017-05-11,3036.79,3063.56,3061.5,3016.53,1913419.0,8.71,0.28,3075.294,3108.975,3147.578,1687887.13,1714580.91,1808141.28
2017-05-10,3078.17,3090.82,3052.79,3051.59,1607944.5,-27.74,-0.9,3088.468,3116.91,3158.194,1661138.3,1693117.13,1847161.23
2017-05-09,3064.85,3084.21,3080.53,3056.56,1350666.75,1.92,0.06,3104.98,3125.088,3170.003,1667077.25,1685740.99,1907404.63
2017-05-08,3090.07,3093.45,3078.61,3067.69,1805269.0,-24.43,-0.79,3117.616,3129.988,3179.446,1705389.83,1736951.75,1956218.6
2017-05-05,3114.77,3117.61,3103.04,3092.09,1762136.38,-24.33,-0.78,3132.826,3139.442,3189.847,1670115.83,1721186.59,1984009.63
2017-05-04,3127.11,3143.82,3127.37,3111.39,1779674.88,-7.98,-0.26,3142.656,3146.348,3198.745,1741274.7,1735846.94,2018546.81
2017-05-03,3138.31,3148.29,3135.35,3123.75,1637639.25,-8.36,-0.27,3145.352,3150.68,3205.892,1725095.95,1771117.53,2053723.16
2017-05-02,3147.23,3154.78,3143.71,3136.54,1542229.62,-10.95,-0.35,3145.196,3156.816,3210.25,1704404.72,1796014.95,2070062.66
2017-04-28,3144.02,3154.73,3154.66,3136.58,1628899.0,2.47,0.08,3142.36,3164.662,3213.576,1768513.67,1854529.19,2116518.92
2017-04-27,3131.35,3155.0,3152.19,3097.33,2117930.75,11.34,0.36,3146.058,3173.803,3217.909,1772257.35,1906147.84,2143126.76
2017-04-26,3132.92,3152.95,3140.85,3131.42,1698781.12,6.28,0.2,3150.04,3186.18,3222.947,1730419.18,1901701.64,2118085.23
2017-04-25,3123.89,3145.27,3134.57,3117.45,1534183.12,5.04,0.16,3156.008,3199.478,3229.252,1817139.1,2001205.33,2134072.51
2017-04-24,3164.25,3164.25,3129.53,3111.21,1862774.38,-43.62,-1.38,3168.436,3214.918,3235.996,1887625.18,2129068.26,2167252.31
2017-04-21,3170.29,3180.79,3173.15,3158.63,1647617.38,1.05,0.03,3186.964,3228.904,3241.947,1940544.7,2175485.45,2170628.17
2017-04-20,3165.67,3178.18,3172.1,3148.18,1908739.88,1.41,0.04,3201.548,3240.251,3245.551,2040038.33,2246832.66,2183113.13
2017-04-19,3184.67,3189.44,3170.69,3147.07,2132380.75,-26.02,-0.81,3222.32,3251.141,3250.026,2072984.1,2301246.68,2169035.78
2017-04-18,3215.4,3225.05,3196.71,3196.49,1886613.5,-25.46,-0.79,3242.948,3261.103,3254.032,2185271.55,2336328.8,2147690.96
2017-04-17,3229.95,3229.95,3222.17,3199.91,2127372.0,-23.9,-0.74,3261.4,3263.683,3256.069,2370511.35,2344110.38,2153651.89
2017-04-14,3276.14,3276.71,3246.07,3238.9,2145085.5,-29.89,-0.91,3270.844,3262.49,3258.408,2410426.2,2378508.65,2141991.29
2017-04-13,3265.22,3281.14,3275.96,3261.49,2073468.75,2.13,0.07,3278.954,3262.014,3258.192,2453627.0,2380105.68,2106764.86
2017-04-12,3283.84,3284.93,3273.83,3262.28,2693818.0,-15.14,-0.46,3279.962,3259.713,3256.361,2529509.25,2334468.81,2076564.44
2017-04-11,3266.22,3290.39,3288.97,3244.4,2812812.5,19.58,0.6,3279.258,3259.026,3254.52,2487386.05,2266939.69,2023710.42
2017-04-10,3285.46,3285.46,3269.39,3265.01,2326946.25,-17.23,-0.52,3265.966,3257.074,3250.71,2317709.4,2205436.36,1951406.16
2017-04-07,3280.62,3295.19,3286.62,3275.05,2361089.5,5.62,0.17,3254.136,3254.99,3248.078,2346591.1,2165770.89,1918744.41
2017-04-06,3272.19,3286.67,3281.0,3265.76,2452880.0,10.69,0.33,3245.074,3250.85,3245.78,2306584.35,2119393.59,1881055.63
2017-04-05,3235.66,3270.65,3270.31,3233.24,2483202.0,47.8,1.48,3239.464,3248.911,3243.85,2139428.37,2036824.89,1840443.74
2017-03-31,3206.25,3226.25,3222.51,3205.54,1964429.25,12.27,0.38,3238.794,3246.961,3242.028,2046493.32,1959053.11,1794329.73
2017-03-30,3235.14,3240.02,3210.24,3195.85,2471354.75,-31.07,-0.96,3248.182,3248.455,3241.818,2093163.32,1963193.41,1774649.44
2017-03-29,3252.87,3262.1,3241.31,3233.28,2161055.75,-11.64,-0.36,3255.844,3254.325,3242.808,1984950.67,1905473.94,1741689.24
2017-03-28,3265.63,3265.63,3252.95,3246.09,1617100.12,-14.01,-0.43,3256.626,3254.37,3243.089,1932202.82,1833424.05,1728975.23
2017-03-27,3268.92,3283.24,3266.96,3262.12,2018526.75,-2.49,-0.08,3258.358,3253.008,3242.528,1934221.4,1818660.06,1723742.38
2017-03-24,3247.35,3275.21,3269.45,3241.12,2197779.25,20.9,0.64,3255.128,3250.014,3240.613,1871612.9,1780481.15,1714106.58
2017-03-23,3245.81,3262.09,3248.55,3221.93,1930291.5,3.33,0.1,3248.728,3244.345,3239.812,1833223.5,1697375.96,1697420.8
2017-03-22,3246.22,3255.78,3245.22,3229.13,1897316.5,-16.39,-0.5,3252.806,3241.165,3239.953,1825997.2,1671717.93,1705496.12
2017-03-21,3250.25,3262.22,3261.61,3246.7,1627193.0,10.8,0.33,3252.114,3240.709,3240.753,1734645.28,1642717.66,1714357.19
2017-03-20,3241.11,3251.13,3250.81,3228.12,1705484.25,13.36,0.41,3247.658,3238.789,3240.339,1703098.73,1644062.6,1738834.07
2017-03-17,3271.87,3274.19,3237.45,3232.28,2005832.25,-31.49,-0.96,3244.9,3237.095,3239.797,1689349.4,1629606.34,1769635.91
2017-03-16,3247.16,3269.77,3268.94,3247.16,1894160.0,27.18,0.84,3239.962,3235.181,3238.028,1561528.43,1586105.48,1782458.39
2017-03-15,3235.4,3243.71,3241.76,3227.74,1440556.88,2.43,0.07,3229.524,3231.29,3236.062,1517438.65,1577904.55,1796228.36
2017-03-14,3235.25,3246.33,3239.33,3231.52,1469460.25,2.31,0.07,3229.304,3231.807,3234.624,1550790.05,1624526.41,1844954.37
2017-03-13,3209.45,3237.12,3237.02,3193.16,1636737.62,24.26,0.76,3229.92,3232.047,3233.554,1585026.48,1628824.7,1865880.4
2017-03-10,3213.73,3222.32,3212.76,3208.45,1366727.38,-3.99,-0.12,3229.29,3231.211,3232.545,1569863.28,1647732.01,1894139.27
2017-03-09,3233.7,3233.87,3216.75,3205.28,1673711.12,-23.91,-0.74,3230.4,3235.278,3231.742,1610682.52,1697465.64,1945477.36
2017-03-08,3240.53,3245.3,3240.66,3230.61,1607313.88,-1.75,-0.05,3233.056,3238.741,3230.063,1638370.45,1739274.32,1957611.97
2017-03-07,3233.09,3242.66,3242.41,3226.82,1640642.38,8.54,0.26,3234.31,3240.797,3226.379,1698262.77,1785996.71,1949706.37
2017-03-06,3217.33,3234.66,3233.87,3215.07,1560921.62,15.56,0.48,3234.174,3241.889,3221.913,1672622.92,1833605.55,1931842.97
2017-03-03,3219.2,3221.16,3218.31,3206.61,1570823.62,-11.72,-0.36,3233.132,3242.498,3218.069,1725600.75,1909665.49,1917396.03
2017-03-02,3250.52,3256.81,3230.03,3228.66,1812150.75,-16.9,-0.52,3240.156,3240.875,3214.162,1784248.75,1978811.3,1884967.22
2017-03-01,3240.07,3259.98,3246.93,3237.87,1906775.5,5.2,0.16,3244.426,3240.834,3210.619,1840178.2,2014552.17,1851298.07
2017-02-28,3225.97,3242.68,3241.73,3225.97,1512443.12,13.07,0.41,3247.284,3237.44,3205.75,1873730.65,2065382.32,1811996.21
2017-02-27,3249.19,3251.65,3228.66,3224.09,1825810.75,-24.77,-0.76,3249.604,3235.06,3200.791,1994588.17,2102936.1,1799360.99
2017-02-24,3246.86,3253.96,3253.43,3233.53,1864063.62,2.05,0.06,3251.864,3233.878,3196.196,2093730.22,2140546.53,1774400.65
2017-02-23,3258.83,3264.08,3251.38,3236.35,2091798.0,-9.84,-0.3,3241.594,3228.205,3189.682,2173373.85,2193489.09,1742380.85
2017-02-22,3252.69,3261.38,3261.22,3243.84,2074537.75,7.89,0.24,3237.242,3221.385,3182.178,2188926.15,2175949.61,1699716.66
2017-02-21,3242.22,3254.34,3253.33,3239.88,2116730.75,13.37,0.41,3227.596,3211.961,3174.767,2257034.0,2113416.03,1661879.84
2017-02-20,3198.96,3241.46,3239.96,3198.96,2321521.0,37.88,1.18,3220.516,3201.937,3167.539,2211284.03,2030080.39,1624122.23
2017-02-17,3227.71,3238.4,3202.08,3199.42,2262281.75,-27.54,-0.85,3215.892,3193.639,3160.713,2187362.83,1925126.58,1636989.18
2017-02-16,3210.36,3230.28,3229.62,3207.79,2169559.5,16.63,0.52,3214.816,3187.448,3156.247,2213604.33,1791123.14,1602012.2
2017-02-15,3215.46,3236.0,3212.99,3206.56,2415077.0,-4.94,-0.15,3205.528,3180.403,3150.73,2162973.08,1688043.97,1567978.85
2017-02-14,3216.14,3219.4,3217.93,3205.29,1887980.88,1.09,0.03,3196.326,3174.059,3146.918,1969798.05,1558610.09,1536406.11
2017-02-13,3198.99,3219.41,3216.84,3198.99,2201915.0,20.14,0.63,3183.358,3166.521,3144.105,1848876.75,1495785.88,1531886.67
2017-02-10,3183.01,3205.05,3196.7,3182.8,2393489.25,13.52,0.42,3171.386,3158.514,3141.825,1662890.33,1408254.77,1507647.96
2017-02-09,3164.69,3186.84,3183.18,3162.57,1916403.25,16.2,0.51,3160.08,3151.158,3139.706,1368641.95,1291272.62,1479827.98
2017-02-08,3148.09,3167.45,3166.98,3132.03,1449201.88,13.89,0.44,3155.278,3142.97,3138.818,1213114.85,1223483.72,1471371.64
2017-02-07,3154.4,3159.54,3153.09,3140.04,1283374.38,-3.89,-0.12,3151.792,3137.573,3138.408,1147422.13,1210343.65,1482841.97
2017-02-06,3143.09,3158.84,3156.98,3135.39,1271982.88,16.81,0.54,3149.684,3133.141,3137.55,1142695.0,1218164.08,1489456.84
2017-02-03,3160.08,3162.68,3140.17,3136.01,922247.38,-19.0,-0.6,3145.642,3127.786,3134.883,1153619.2,1348851.79,1492491.26
2017-01-26,3149.22,3163.1,3159.17,3148.91,1138767.75,9.62,0.3,3142.236,3125.045,3132.679,1213903.28,1412901.26,1512690.54
2017-01-25,3137.65,3151.47,3149.55,3133.19,1120738.25,7.0,0.22,3130.662,3121.057,3129.833,1233852.58,1447913.73,1523615.69
2017-01-24,3134.59,3149.53,3142.55,3131.22,1259738.75,5.78,0.18,3123.354,3119.777,3128.088,1273265.18,1514202.13,1538343.25
2017-01-23,3125.42,3145.84,3136.77,3125.42,1326603.88,13.63,0.44,3116.598,3121.689,3127.089,1293633.15,1567987.46,1551642.25
2017-01-20,3095.82,3125.66,3123.14,3095.21,1223667.75,21.84,0.7,3109.93,3125.136,3125.758,1544084.37,1607041.15,1568400.44
2017-01-19,3104.97,3115.78,3101.3,3094.01,1238514.25,-11.71,-0.38,3107.854,3128.254,3126.579,1611899.25,1668383.34,1591119.55
2017-01-18,3104.77,3123.72,3113.01,3098.59,1317801.25,4.24,0.14,3111.452,3134.665,3128.386,1661974.87,1719259.56,1622547.14
2017-01-17,3087.03,3108.91,3108.77,3072.34,1361578.62,5.34,0.17,3116.2,3139.243,3127.879,1755139.07,1755340.29,1635370.46
2017-01-16,3104.49,3105.14,3103.43,3044.29,2578860.0,-9.33,-0.3,3126.78,3141.958,3128.345,1842341.77,1760749.61,1644376.39
2017-01-13,3116.08,3130.51,3112.76,3102.16,1562742.12,-6.53,-0.21,3140.342,3141.979,3129.322,1669997.92,1636130.74,1597927.74
2017-01-12,3133.6,3144.97,3119.29,3115.98,1488892.38,-17.46,-0.56,3148.654,3140.313,3129.568,1724867.42,1612479.81,1614785.94
2017-01-11,3156.69,3167.03,3136.75,3136.27,1783622.25,-24.92,-0.79,3157.878,3138.608,3130.63,1776544.25,1599317.66,1641020.77
2017-01-10,3167.57,3174.58,3161.67,3157.33,1797592.12,-9.57,-0.3,3162.286,3136.399,3131.545,1755541.5,1562484.38,1644421.91
2017-01-09,3148.53,3173.14,3171.24,3147.74,1717140.75,16.92,0.54,3157.136,3132.489,3131.11,1679157.45,1535297.04,1691896.53
2017-01-06,3163.78,3172.03,3154.32,3153.03,1837089.62,-11.09,-0.35,3143.616,3126.38,3134.192,1602263.55,1529759.74,1708051.46
2017-01-05,3157.91,3168.5,3165.41,3154.28,1747276.5,6.62,0.21,3131.972,3124.904,3137.244,1500092.2,1513855.77,1701552.07
2017-01-04,3133.79,3160.1,3158.79,3130.11,1678608.5,22.87,0.73,3119.338,3122.106,3140.086,1422091.08,1525834.73,1698724.67
2017-01-03,3105.31,3136.46,3135.92,3105.31,1415671.88,32.28,1.04,3110.512,3116.515,3142.129,1369427.25,1515400.64,1693580.59
2016-12-30,3097.35,3108.84,3103.64,3089.99,1332671.25,7.54,0.24,3107.842,3114.731,3145.568,1391436.63,1528003.16,1734302.19
2016-12-29,3095.84,3111.8,3096.1,3087.34,1326232.88,-6.14,-0.2,3109.144,3116.665,3152.578,1457255.93,1559724.74,1797452.23
2016-12-28,3113.77,3118.78,3102.24,3094.55,1357270.88,-12.42,-0.4,3117.836,3118.823,3161.439,1527619.33,1617092.08,1850020.53
2016-12-27,3117.39,3127.88,3114.66,3113.75,1415289.38,-7.91,-0.25,3124.874,3122.652,3168.828,1629578.38,1682723.88,1903945.01
2016-12-26,3095.58,3122.88,3122.57,3068.42,1525718.75,12.42,0.4,3122.518,3126.69,3177.241,1661374.02,1726359.44,1993598.68
2016-12-23,3134.93,3138.4,3110.15,3103.75,1661767.75,-29.41,-0.94,3121.62,3129.73,3184.963,1664569.7,1848496.01,2058088.36
2016-12-22,3132.16,3143.17,3139.56,3126.89,1678049.88,2.13,0.07,3124.186,3142.003,3192.552,1662193.55,1886343.19,2091960.78
2016-12-21,3107.24,3140.25,3137.43,3107.24,1867066.12,34.55,1.11,3119.81,3149.584,3197.661,1706564.82,1889248.37,2124220.54
2016-12-20,3115.9,3117.01,3102.88,3084.8,1574267.62,-15.2,-0.49,3120.43,3158.065,3202.847,1735869.37,1871614.61,2155847.04
2016-12-19,3120.7,3125.28,3118.08,3110.08,1541697.12,-4.9,-0.16,3130.862,3167.742,3210.12,1791344.85,1871760.54,2207949.43
2016-12-16,3111.51,3128.87,3122.98,3106.35,1649887.0,5.3,0.17,3137.84,3176.405,3215.124,2032422.33,1940601.23,2246191.0
2016-12-15,3125.76,3138.78,3117.68,3100.91,1899906.25,-22.85,-0.73,3159.82,3188.491,3218.618,2110492.83,2035179.73,2268609.98
2016-12-14,3149.38,3170.02,3140.53,3136.35,2013588.88,-14.51,-0.46,3179.358,3204.054,3223.156,2071931.93,2082948.98,2280717.79
2016-12-13,3138.99,3162.5,3155.04,3118.71,1851645.0,2.07,0.07,3195.7,3215.004,3226.383,2007359.85,2125166.14,2290921.84
2016-12-12,3233.67,3245.09,3152.97,3149.9,2747084.5,-79.91,-2.47,3204.622,3227.792,3228.98,1952176.23,2260837.91,2318782.77
2016-12-09,3209.34,3244.8,3232.88,3207.04,2040239.5,17.51,0.55,3214.97,3240.195,3231.85,1848780.13,2267680.71,2346232.71
2016-12-08,3225.55,3228.12,3215.37,3211.47,1707101.75,-6.87,-0.21,3217.162,3243.101,3230.008,1959866.63,2297578.36,2399648.02
2016-12-07,3198.47,3222.43,3222.24,3189.49,1690728.5,22.59,0.71,3228.75,3245.738,3227.804,2093966.03,2359192.71,2436389.23
2016-12-06,3202.03,3215.31,3199.65,3196.52,1575726.88,-5.06,-0.16,3234.308,3247.628,3223.11,2242972.43,2440079.46,2472410.28
2016-12-05,3203.78,3219.52,3204.71,3194.88,2230104.0,-39.13,-1.21,3250.962,3252.498,3220.522,2569499.6,2544138.33,2489047.43
2016-12-02,3270.12,3279.71,3243.84,3235.28,2595672.0,-29.47,-0.9,3265.42,3253.842,3216.953,2686581.3,2551780.78,2467251.47
2016-12-01,3257.03,3279.67,3273.31,3256.26,2377598.75,23.28,0.72,3269.04,3248.744,3211.027,2635290.1,2502040.23,2436309.47
2016-11-30,3272.14,3277.27,3250.03,3239.52,2435760.5,-32.89,-1.0,3262.726,3242.258,3203.809,2624419.4,2478486.6,2428922.66
2016-11-29,3269.23,3301.21,3282.92,3263.4,3208362.75,5.92,0.18,3260.948,3237.761,3196.444,2637186.5,2456677.55,2398495.66
2016-11-28,3270.05,3288.34,3277.0,3267.67,2815512.5,15.06,0.46,3254.034,3230.168,3188.42,2518777.05,2376727.63,2318193.54
2016-11-25,3241.24,3262.44,3261.94,3209.6,2339216.0,20.2,0.62,3242.264,3223.505,3179.594,2416980.25,2424784.7,2253171.3
2016-11-24,3237.43,3257.86,3241.74,3232.87,2323245.25,0.6,0.02,3228.448,3216.915,3171.711,2368790.35,2501717.68,2227097.56
2016-11-23,3247.94,3262.88,3241.14,3231.59,2499596.0,-7.21,-0.22,3221.79,3209.869,3165.241,2332553.8,2513585.75,2189939.69
2016-11-22,3220.98,3249.68,3248.35,3220.98,2616315.5,30.2,0.94,3214.574,3198.592,3159.0,2276168.6,2504741.1,2160791.53
2016-11-21,3188.5,3229.76,3218.15,3188.28,2306528.5,25.29,0.79,3206.302,3188.546,3153.179,2234678.2,2433956.53,2131666.2
2016-11-18,3207.19,3212.39,3192.86,3187.5,2098266.5,-15.59,-0.49,3204.746,3180.064,3148.684,2432589.15,2382722.16,2136600.95
2016-11-17,3198.5,3211.05,3208.45,3187.21,2142062.5,3.39,0.11,3205.382,3173.31,3143.588,2634645.0,2370578.71,2125381.66
2016-11-16,3208.5,3210.89,3205.06,3195.41,2217670.0,-1.93,-0.06,3197.948,3165.359,3137.389,2694617.7,2379358.71,2098624.22
2016-11-15,3209.95,3214.29,3206.99,3195.04,2408863.5,-3.38,-0.1,3182.61,3155.126,3131.372,2733313.6,2340313.78,2078975.79
2016-11-14,3187.71,3221.46,3210.37,3186.8,3296083.25,14.33,0.45,3170.79,3146.671,3125.216,2633234.85,2259659.46,2049553.84
2016-11-11,3169.4,3202.74,3196.04,3166.07,3108545.75,24.76,0.78,3155.382,3135.683,3116.756,2332855.18,2081557.9,1966616.31
2016-11-10,3148.54,3172.31,3171.28,3148.54,2441926.0,42.91,1.37,3141.238,3126.506,3110.145,2106512.43,1952477.45,1888875.87
2016-11-09,3146.08,3146.95,3128.37,3096.95,2411149.5,-19.52,-0.62,3132.77,3120.613,3104.648,2064099.73,1866293.64,1844157.94
2016-11-08,3140.94,3156.88,3147.89,3134.95,1908469.75,14.56,0.47,3127.642,3119.407,3101.155,1947313.95,1816841.95,1794847.25
2016-11-07,3124.89,3139.2,3133.33,3117.1,1794184.88,8.01,0.26,3122.552,3117.812,3097.023,1886084.08,1829375.88,1783060.51
2016-11-04,3126.35,3141.33,3125.32,3119.54,1976832.0,-3.62,-0.12,3115.984,3117.304,3092.763,1830260.62,1890479.74,1773376.82
2016-11-03,3096.77,3140.93,3128.94,3094.1,2229862.5,26.21,0.84,3111.774,3113.866,3086.732,1798442.47,1880184.61,1725202.0
2016-11-02,3115.73,3118.98,3102.73,3099.82,1827220.62,-19.71,-0.63,3108.456,3109.418,3080.209,1668487.55,1817889.72,1670315.84
2016-11-01,3101.66,3122.61,3122.44,3097.04,1602320.38,21.95,0.71,3111.172,3107.617,3074.466,1686369.95,1817637.8,1631267.66
2016-10-31,3097.19,3102.3,3100.49,3081.07,1515067.62,-3.78,-0.12,3113.072,3103.761,3068.252,1772667.67,1839448.22,1612002.36
2016-10-28,3111.7,3128.64,3104.27,3101.24,1817741.25,-8.08,-0.26,3118.624,3097.829,3062.249,1950698.85,1851674.72,1608414.12
2016-10-27,3112.6,3114.76,3112.35,3100.39,1580087.88,-3.96,-0.13,3115.958,3093.783,3058.731,1961926.75,1825274.3,1580322.55
2016-10-26,3129.84,3129.84,3116.31,3110.39,1916632.62,-15.63,-0.5,3110.38,3088.683,3055.229,1967291.9,1822022.24,1570972.93
2016-10-25,3127.97,3132.5,3131.94,3121.05,2033809.0,3.69,0.12,3104.062,3082.902,3050.707,1948905.65,1772852.55,1533001.91
2016-10-24,3092.05,3137.03,3128.25,3090.79,2405223.5,37.31,1.21,3094.45,3076.233,3045.26,1906228.77,1736745.15,1490773.51
2016-10-21,3081.39,3101.85,3090.94,3069.27,1873880.75,6.48,0.21,3077.034,3068.222,3040.15,1752650.6,1656273.9,1430124.85
2016-10-20,3084.91,3089.68,3084.46,3076.29,1606913.62,-0.26,-0.01,3071.608,3059.598,3035.745,1688621.85,1570219.39,1403137.51
2016-10-19,3085.75,3096.22,3084.72,3076.77,1824701.38,0.84,0.03,3066.986,3051.0,3032.698,1676752.57,1522741.95,1390485.62
2016-10-18,3037.4,3084.19,3083.88,3037.4,1820424.62,42.71,1.4,3061.742,3041.314,3029.561,1596799.45,1444897.51,1402256.59
2016-10-17,3064.69,3068.81,3041.17,3033.75,1637332.62,-22.64,-0.74,3058.016,3032.743,3029.309,1567261.52,1384556.5,1391581.82
2016-10-14,3056.99,3064.79,3063.81,3043.18,1553737.0,2.46,0.08,3059.41,3026.669,3032.048,1559897.2,1365153.53,1382657.08
2016-10-13,3057.97,3065.0,3061.35,3052.64,1547567.25,2.85,0.09,3047.588,3023.678,3033.454,1451816.92,1335370.8,1398448.61
2016-10-12,3057.32,3060.51,3058.5,3048.89,1424935.75,-6.75,-0.22,3035.014,3021.774,3034.922,1368731.32,1319923.63,1407524.51
2016-10-11,3051.62,3066.1,3065.25,3048.02,1672735.0,17.11,0.56,3020.886,3018.511,3035.602,1292995.57,1293151.26,1408759.38
2016-10-10,3020.46,3048.24,3048.14,3014.62,1600511.0,43.44,1.45,3007.47,3014.286,3035.707,1201851.47,1244801.87,1400346.09
2016-09-30,2994.25,3009.2,3004.7,2993.06,1013335.62,6.22,0.21,2993.928,3012.077,3036.466,1170409.85,1203975.8,1397916.09
2016-09-29,2992.17,3009.2,2998.48,2991.91,1132139.25,10.62,0.35,2999.768,3011.892,3040.505,1218924.68,1236055.64,1417933.61
2016-09-28,3000.7,3000.7,2987.86,2984.32,1046257.0,-10.31,-0.34,3008.534,3014.395,3044.315,1271115.93,1258229.29,1431544.06
2016-09-27,2974.59,2998.23,2998.17,2969.13,1217014.5,17.74,0.59,3016.136,3017.807,3048.424,1293306.95,1359615.68,1451481.21
2016-09-26,3028.24,3028.24,2980.43,2980.12,1443302.88,-53.47,-1.76,3021.102,3025.875,3052.031,1287752.27,1398607.15,1465462.44
2016-09-23,3044.79,3046.8,3033.9,3032.8,1255909.75,-8.41,-0.28,3030.226,3037.427,3056.426,1237541.75,1400160.64,1480313.78
2016-09-22,3038.42,3054.44,3042.31,3035.07,1393095.5,16.44,0.54,3024.016,3043.23,3059.025,1253186.6,1461526.42,1490372.01
2016-09-21,3021.58,3032.45,3025.87,3017.54,1157212.12,2.87,0.1,3020.256,3048.07,3061.395,1245342.65,1495125.4,1501401.72
2016-09-20,3027.17,3027.82,3023.0,3015.88,1189241.12,-3.05,-0.1,3019.478,3052.693,3064.342,1425924.4,1524367.5,1536235.07
2016-09-19,3005.32,3026.65,3026.05,3005.32,1192250.25,23.2,0.77,3030.648,3057.128,3068.597,1509462.03,1555890.31,1573946.74
2016-09-14,3008.9,3017.94,3002.85,2995.42,1334134.0,-20.66,-0.68,3044.628,3060.854,3072.5,1562779.53,1591856.38,1629013.77
2016-09-13,3025.03,3029.72,3023.51,3008.74,1353875.75,1.53,0.05,3062.444,3069.118,3077.835,1669866.25,1599811.59,1669226.88
2016-09-12,3037.51,3040.95,3021.98,2999.93,2060120.88,-56.87,-1.85,3075.884,3074.235,3082.161,1744908.15,1604858.82,1740697.56
2016-09-09,3095.43,3101.79,3078.85,3078.22,1606929.25,-17.1,-0.55,3085.908,3079.04,3087.322,1622810.6,1543346.75,1786499.76
2016-09-08,3089.95,3096.78,3095.95,3083.9,1458837.75,4.02,0.13,3083.608,3078.186,3085.913,1602318.6,1532317.72,1790240.13
2016-09-07,3091.33,3105.68,3091.93,3087.88,1869567.62,1.22,0.04,3077.08,3075.424,3081.248,1620933.22,1560466.92,1798237.98
2016-09-06,3071.06,3095.51,3090.71,3053.19,1729085.25,18.61,0.61,3075.792,3074.819,3077.589,1529756.92,1519217.6,1787097.18
2016-09-05,3070.71,3085.49,3072.1,3065.33,1449633.12,4.75,0.15,3072.586,3074.719,3074.337,1464809.5,1507678.04,1785640.64
2016-09-02,3057.49,3072.53,3067.35,3050.49,1504469.25,4.04,0.13,3072.172,3075.99,3070.946,1463882.9,1548102.65,1791023.91
2016-09-01,3083.96,3088.7,3063.31,3062.88,1551910.88,-22.18,-0.72,3072.764,3080.065,3066.414,1462316.85,1592003.17,1786728.99
2016-08-31,3072.92,3087.7,3085.49,3063.4,1413686.12,10.81,0.35,3073.768,3084.145,3062.37,1500000.62,1666171.16,1776100.1
2016-08-30,3071.44,3082.99,3074.68,3065.97,1404348.12,4.65,0.15,3073.846,3086.551,3057.018,1508678.27,1738642.17,1775986.46
2016-08-29,3068.46,3074.94,3070.03,3058.79,1445000.12,-0.28,-0.01,3076.852,3090.087,3051.848,1550546.57,1876536.29,1763503.51
2016-08-26,3069.85,3087.65,3070.31,3063.89,1496639.0,1.98,0.07,3079.808,3095.604,3046.016,1632322.4,2029652.78,1764957.38
2016-08-25,3073.44,3073.44,3068.33,3041.51,1740329.75,-17.55,-0.57,3087.366,3093.64,3041.468,1721689.5,2048162.54,1765176.2
2016-08-24,3092.02,3097.15,3085.88,3079.55,1457074.38,-3.83,-0.12,3094.522,3087.071,3037.767,1832341.7,2036009.04,1773442.19
2016-08-23,3081.57,3101.11,3089.71,3073.53,1613689.62,4.9,0.16,3099.256,3080.358,3033.073,1968606.07,2054976.76,1840668.93
2016-08-22,3107.38,3112.74,3084.81,3083.59,1853879.25,-23.29,-0.75,3103.322,3073.955,3031.096,2202526.0,2063603.25,1838331.7
2016-08-19,3100.39,3113.34,3108.1,3082.77,1943474.5,3.99,0.13,3111.4,3065.902,3027.647,2426983.15,2033945.16,1817741.03
2016-08-18,3107.75,3125.58,3104.11,3093.32,2293590.75,-5.44,-0.17,3099.914,3052.762,3022.883,2374635.57,1981454.81,1801572.39
2016-08-17,3106.99,3114.25,3109.55,3090.28,2138396.25,-0.49,-0.02,3079.62,3040.594,3019.628,2239676.37,1886029.04,1768776.54
2016-08-16,3130.53,3140.44,3110.04,3102.07,2783289.25,-15.16,-0.48,3061.46,3027.485,3015.546,2141347.45,1813330.75,1730978.14
2016-08-15,3056.48,3137.48,3125.2,3053.87,2976165.0,74.53,2.44,3044.588,3013.609,3011.874,1924680.5,1650470.73,1669494.41
2016-08-12,3000.27,3051.05,3050.67,2999.04,1681736.62,48.03,1.6,3020.404,2996.428,3007.792,1640907.17,1500261.99,1609434.44
2016-08-11,3013.68,3038.05,3002.64,3001.17,1618794.75,-16.11,-0.53,3005.61,2989.295,3007.973,1588274.05,1482189.86,1611780.81
2016-08-10,3023.47,3033.2,3018.75,3017.09,1646751.62,-6.93,-0.23,3001.568,2988.463,3010.542,1532381.7,1510875.34,1620938.47
2016-08-09,3001.31,3025.91,3025.68,2998.68,1699954.5,21.4,0.71,2993.51,2985.788,3012.639,1485314.05,1626361.1,1665430.58
2016-08-08,2972.62,3004.72,3004.28,2959.05,1557298.38,27.58,0.93,2982.63,2988.237,3013.824,1376260.95,1613060.15,1710176.0
2016-08-05,2978.78,2991.68,2976.7,2971.56,1418571.0,-5.73,-0.19,2972.452,2989.392,3013.356,1359616.8,1601536.9,1744480.19
2016-08-04,2976.41,2982.86,2982.43,2958.93,1339333.0,3.97,0.13,2972.98,2993.004,3013.926,1376105.68,1621689.98,1758045.07
2016-08-03,2963.21,2981.16,2978.46,2956.79,1411413.38,7.18,0.24,2975.358,2998.662,3015.647,1489368.98,1651524.05,1802419.26
2016-08-02,2950.08,2971.28,2971.28,2946.64,1154689.0,17.89,0.61,2978.066,3003.606,3017.588,1767408.15,1648625.53,1838034.06
2016-08-01,2971.95,2972.88,2953.39,2931.96,1474077.62,-25.95,-0.87,2993.844,3010.138,3019.344,1849859.35,1688518.09,1897901.83
2016-07-29,2992.54,3000.05,2979.34,2972.92,1501015.38,-14.98,-0.5,3006.332,3019.155,3021.104,1843457.0,1718606.89,1935206.51
2016-07-28,2980.5,3003.36,2994.32,2968.18,1905649.5,2.32,0.08,3013.028,3026.651,3018.761,1867274.28,1741371.75,1930778.86
2016-07-27,3050.37,3057.42,2992.0,2939.23,2801609.25,-58.17,-1.91,3021.966,3032.621,3015.526,1813679.13,1731001.6,1912728.84
2016-07-26,3014.04,3050.61,3050.17,3013.8,1566945.0,34.34,1.14,3029.146,3039.49,3012.505,1529842.9,1704500.05,1869256.17
2016-07-25,3008.09,3027.12,3015.83,3003.29,1442065.88,3.01,0.1,3026.432,3039.411,3005.625,1527176.82,1807291.85,1877844.45
2016-07-22,3038.12,3039.27,3012.82,3007.46,1620101.75,-26.19,-0.86,3031.978,3037.32,2999.618,1593756.77,1887423.49,1884089.89
2016-07-21,3027.6,3053.33,3039.01,3027.37,1637673.75,11.11,0.37,3040.274,3034.847,2991.692,1615469.22,1894400.17,1898506.11
2016-07-20,3034.71,3043.0,3027.9,3022.63,1382428.12,-8.7,-0.29,3043.276,3032.631,2984.339,1648324.07,1953314.47,1884691.11
2016-07-19,3040.23,3043.6,3036.6,3014.29,1553614.62,-6.96,-0.23,3049.834,3031.57,2978.222,1879157.2,2027442.59,1880864.92
2016-07-18,3047.64,3058.32,3043.56,3031.64,1774965.62,-10.74,-0.35,3052.39,3028.549,2970.32,2087406.87,2107285.57,1885363.73
2016-07-15,3056.68,3062.68,3054.3,3044.54,1728664.0,0.28,0.01,3042.662,3023.053,2962.582,2181090.2,2151806.14,1864900.98
2016-07-14,3054.97,3057.05,3054.02,3036.52,1801948.0,-6.67,-0.22,3029.42,3010.871,2954.123,2173331.12,2120185.96,1864204.03
2016-07-13,3049.51,3069.05,3060.69,3048.2,2536593.75,11.31,0.37,3021.986,2998.43,2945.063,2258304.87,2094456.09,1861048.01
2016-07-12,2992.52,3049.68,3049.38,2984.42,2594863.0,54.46,1.82,3013.306,2985.52,2936.389,2175727.97,2034012.3,1817553.86
2016-07-11,2993.75,3022.94,2994.92,2990.91,2243382.25,6.83,0.23,3004.708,2971.838,2926.029,2127164.27,1948397.05,1747688.35
2016-07-08,3000.33,3001.55,2988.09,2983.88,1689868.62,-28.76,-0.95,3003.444,2961.916,2917.937,2122522.07,1880756.3,1720146.96
2016-07-07,3009.35,3024.11,3016.85,2994.64,2226816.75,-0.44,-0.01,2992.322,2948.536,2914.89,2067040.8,1902612.05,1707176.56
2016-07-06,2998.52,3017.65,3017.29,2984.83,2123709.25,10.9,0.36,2974.874,2936.047,2910.85,1930607.3,1816067.75,1662329.66
2016-07-05,2991.75,3010.28,3006.39,2990.64,2352044.5,17.79,0.59,2957.734,2924.873,2906.69,1892296.63,1734287.25,1627141.06
2016-07-04,2924.29,2992.5,2988.6,2922.52,2220171.25,56.12,1.91,2938.968,2912.09,2903.305,1769629.83,1663441.89,1595549.35
2016-07-01,2931.8,2944.99,2932.48,2925.81,1412462.25,2.87,0.1,2920.388,2902.111,2900.136,1638990.53,1577995.81,1564399.24
2016-06-30,2931.48,2938.14,2929.61,2922.31,1544649.25,-1.98,-0.07,2904.75,2897.374,2899.188,1738183.3,1608222.1,1587969.34
2016-06-29,2918.53,2934.0,2931.59,2915.06,1932155.88,19.03,0.65,2897.22,2891.695,2898.538,1701528.2,1627639.94,1618367.06
2016-06-28,2885.01,2913.58,2912.56,2878.82,1738710.5,16.86,0.58,2892.012,2887.257,2893.081,1576277.87,1601095.42,1574919.06
2016-06-27,2840.56,2895.73,2895.7,2840.28,1566974.75,41.41,1.45,2885.212,2880.22,2888.506,1557253.95,1546979.65,1542906.44
2016-06-24,2883.76,2899.57,2854.29,2807.6,1908426.12,-37.67,-1.3,2883.834,2873.957,2884.843,1517001.1,1559537.61,1521941.11
2016-06-23,2902.4,2904.11,2891.96,2878.66,1361373.75,-13.59,-0.47,2889.998,2881.244,2882.883,1478260.9,1511741.08,1478283.43
2016-06-22,2872.73,2905.98,2905.55,2869.51,1305904.25,26.99,0.94,2886.17,2885.652,2879.368,1553751.67,1508591.56,1465940.97
2016-06-21,2898.38,2919.3,2878.56,2869.18,1643590.88,-10.25,-0.35,2882.502,2888.507,2876.273,1625912.97,1519994.88,1460880.98
2016-06-20,2887.64,2891.66,2888.81,2864.02,1365710.5,3.7,0.13,2875.228,2894.519,2873.619,1536705.35,1527656.81,1433051.89
2016-06-17,2873.01,2900.3,2885.11,2872.18,1714725.12,12.29,0.43,2864.08,2898.161,2869.524,1602074.12,1550802.67,1420563.9
2016-06-16,2878.4,2887.74,2872.82,2865.39,1738827.62,-14.39,-0.5,2872.49,2901.001,2865.644,1545221.25,1567716.59,1405071.56
2016-06-15,2814.69,2894.26,2887.21,2811.78,1666710.75,45.02,1.58,2885.134,2905.381,2864.187,1463431.45,1609094.18,1379814.71
2016-06-14,2824.23,2843.46,2842.19,2822.06,1197552.75,9.12,0.32,2894.512,2898.905,2862.37,1414076.78,1548742.69,1353805.96
2016-06-13,2897.27,2911.16,2833.07,2832.51,1692554.38,-94.09,-3.21,2913.81,2896.791,2861.616,1518608.28,1538833.24,1351088.18
2016-06-08,2932.38,2937.99,2927.16,2908.37,1430460.75,-8.88,-0.3,2932.242,2895.728,2861.755,1499531.22,1484344.6,1334629.29
2016-06-07,2936.28,2938.44,2936.04,2923.5,1329878.62,1.94,0.07,2929.512,2884.521,2857.249,1590211.92,1444825.79,1331003.98
2016-06-06,2940.99,2945.94,2934.1,2922.28,1419937.38,-4.58,-0.16,2925.628,2873.084,2852.077,1754756.9,1423290.38,1324924.71
2016-06-03,2929.79,2945.52,2938.68,2915.19,1720210.25,13.45,0.46,2903.298,2864.039,2846.977,1683408.6,1401767.09,1344117.0
2016-06-02,2911.22,2925.67,2925.23,2906.52,1597169.12,11.72,0.4,2879.772,2852.719,2845.706,1559058.2,1338446.96,1361504.74
2016-06-01,2917.15,2929.08,2913.51,2909.51,1883864.25,-3.11,-0.11,2859.214,2840.887,2849.336,1469157.98,1290325.13,1354061.97
2016-05-31,2822.59,2917.14,2916.62,2822.59,2152603.5,94.17,3.34,2839.53,2830.287,2853.224,1299439.65,1242426.53,1342572.31
2016-05-30,2814.65,2830.97,2822.45,2794.66,1063195.88,1.4,0.05,2820.54,2822.993,2857.025,1091823.85,1150535.24,1319293.96
2016-05-27,2817.97,2832.8,2821.05,2809.8,1098458.25,-1.39,-0.05,2824.78,2825.834,2862.819,1120125.57,1158869.24,1320789.47
2016-05-26,2813.54,2827.09,2822.44,2780.76,1147668.0,7.35,0.26,2825.666,2826.44,2869.046,1117835.72,1163343.12,1335198.2
2016-05-25,2835.03,2843.17,2815.09,2807.75,1035272.62,-6.58,-0.23,2822.56,2827.782,2875.607,1111492.27,1184913.97,1343248.62
2016-05-24,2839.68,2839.7,2821.67,2807.19,1114524.5,-21.98,-0.77,2821.044,2829.977,2883.088,1185413.4,1217182.17,1350340.79
2016-05-23,2826.31,2848.07,2843.65,2826.26,1204704.5,18.17,0.64,2825.446,2831.069,2889.338,1209246.62,1226559.04,1357542.68
2016-05-20,2792.89,2825.95,2825.48,2785.08,1087009.0,18.57,0.66,2826.888,2829.915,2895.117,1197612.9,1286466.91,1365913.29
2016-05-19,2802.31,2829.4,2806.91,2801.55,1115950.75,-0.6,-0.02,2827.214,2838.692,2901.488,1208850.52,1384562.51,1406266.26
2016-05-18,2828.18,2828.26,2807.51,2781.42,1404878.25,-36.17,-1.27,2833.004,2857.785,2909.771,1258335.67,1417798.82,1492040.84
2016-05-17,2850.93,2860.32,2843.68,2832.46,1233690.62,-7.18,-0.25,2838.91,2876.161,2921.537,1248950.95,1442718.1,1500063.53
2016-05-16,2816.78,2851.23,2850.86,2804.99,1146535.88,23.75,0.84,2836.692,2891.057,2931.036,1243871.45,1488052.68,1530031.25
2016-05-13,2828.46,2850.09,2827.11,2814.11,1143197.12,-8.75,-0.31,2832.942,2899.803,2942.399,1375320.92,1482709.71,1567510.98
2016-05-12,2812.11,2839.28,2835.86,2781.24,1363376.5,-1.18,-0.04,2850.17,2911.651,2955.161,1560274.5,1507053.28,1614470.04
2016-05-11,2843.54,2857.25,2837.04,2818.7,1357954.62,4.45,0.16,2882.566,2923.432,2966.7,1577261.97,1501583.26,1701302.84
2016-05-10,2822.33,2845.24,2832.59,2820.16,1208293.12,0.48,0.02,2913.412,2936.198,2973.524,1636485.25,1483499.4,1719373.8
2016-05-09,2896.16,2896.16,2832.11,2821.83,1803783.25,-81.14,-2.79,2945.422,2947.606,2981.354,1732233.9,1488526.33,1747767.17
2016-05-06,2998.4,3003.59,2913.25,2913.04,2067965.0,-84.59,-2.82,2966.664,2960.319,2990.133,1590098.5,1445359.66,1744472.1
2016-05-05,2987.02,2999.12,2997.84,2977.2,1448313.88,6.57,0.22,2973.132,2964.283,2994.938,1453832.05,1427970.01,1724253.8
2016-05-04,2983.03,3004.42,2991.27,2978.33,1654071.0,-1.37,-0.05,2964.298,2961.757,2994.745,1425904.55,1566282.85,1742649.79
2016-05-03,2940.39,2993.53,2992.64,2929.81,1687036.38,54.32,1.85,2958.984,2966.912,2994.993,1330513.55,1557408.95,1748976.85
2016-04-29,2935.38,2950.58,2938.32,2930.36,1093106.25,-7.27,-0.25,2949.79,2971.014,2995.174,1244818.75,1572009.83,1753741.5
2016-04-28,2955.74,2959.51,2945.59,2916.37,1386632.75,-8.08,-0.27,2953.974,2984.994,2999.912,1300620.83,1652312.25,1808794.44
2016-04-27,2967.19,2976.02,2953.67,2949.43,1308676.38,-11.03,-0.37,2955.434,2998.671,3004.85,1402107.98,1721886.8,1847172.77
2016-04-26,2944.72,2965.43,2964.7,2933.97,1177116.0,18.03,0.61,2959.216,3009.968,3009.968,1706661.15,1901022.41,1901022.41
2016-04-25,2949.97,2954.09,2946.67,2917.02,1258562.38,-12.57,-0.42,2974.84,3014.998,3014.998,1784304.35,1981456.46,1981456.46
2016-04-22,2933.03,2960.21,2959.24,2926.78,1372116.62,6.35,0.21,2992.238,3023.539,3023.539,1899200.9,2071818.22,2071818.22
2016-04-21,2954.37,2990.67,2952.89,2943.46,1894068.5,-19.69,-0.66,3016.014,3032.724,3032.724,2004003.67,2171775.59,2171775.59
2016-04-20,3050.38,3055.69,2972.58,2905.05,2831442.25,-70.24,-2.31,3041.908,3046.03,3046.03,2041665.62,2218060.1,2218060.1
2016-04-19,3047.13,3054.5,3042.82,3024.9,1565332.0,9.16,0.3,3060.72,3060.72,3060.72,2095383.67,2095383.67,2095383.67
2016-04-18,3058.46,3058.46,3033.66,3022.97,1833045.12,-44.46,-1.44,3065.195,3065.195,3065.195,2227896.59,2227896.59,2227896.59
2016-04-15,3085.03,3089.95,3078.12,3066.87,1896130.5,-4.24,-0.14,3075.707,3075.707,3075.707,2359513.75,2359513.75,2359513.75
2016-04-14,3080.09,3086.7,3082.36,3056.99,2082378.25,15.72,0.51,3074.5,3074.5,3074.5,2591205.38,2591205.38,2591205.38
2016-04-13,3041.36,3097.16,3066.64,3041.36,3100032.5,42.99,1.42,3066.64,3066.64,3066.64,3100032.5,3100032.5,3100032.5
